,forecast_date,target,target_end,type,quantile,location,value
0,2022-01-30,1 wk ahead inc case,2022-02-05,point,,01,63830
1,2022-01-30,2 wk ahead inc case,2022-02-12,point,,01,47208
2,2022-01-30,3 wk ahead inc case,2022-02-19,point,,01,41112
3,2022-01-30,4 wk ahead inc case,2022-02-26,point,,01,38127
4,2022-01-30,1 wk ahead inc case,2022-02-05,point,,02,14973
5,2022-01-30,2 wk ahead inc case,2022-02-12,point,,02,12011
6,2022-01-30,3 wk ahead inc case,2022-02-19,point,,02,9680
7,2022-01-30,4 wk ahead inc case,2022-02-26,point,,02,8598
8,2022-01-30,1 wk ahead inc case,2022-02-05,point,,04,96939
9,2022-01-30,2 wk ahead inc case,2022-02-12,point,,04,63936
10,2022-01-30,3 wk ahead inc case,2022-02-19,point,,04,50031
11,2022-01-30,4 wk ahead inc case,2022-02-26,point,,04,44856
12,2022-01-30,1 wk ahead inc case,2022-02-05,point,,05,31380
13,2022-01-30,2 wk ahead inc case,2022-02-12,point,,05,23837
14,2022-01-30,3 wk ahead inc case,2022-02-19,point,,05,19377
15,2022-01-30,4 wk ahead inc case,2022-02-26,point,,05,17003
16,2022-01-30,1 wk ahead inc case,2022-02-05,point,,06,529508
17,2022-01-30,2 wk ahead inc case,2022-02-12,point,,06,447104
18,2022-01-30,3 wk ahead inc case,2022-02-19,point,,06,345028
19,2022-01-30,4 wk ahead inc case,2022-02-26,point,,06,308668
20,2022-01-30,1 wk ahead inc case,2022-02-05,point,,08,47023
21,2022-01-30,2 wk ahead inc case,2022-02-12,point,,08,37265
22,2022-01-30,3 wk ahead inc case,2022-02-19,point,,08,34967
23,2022-01-30,4 wk ahead inc case,2022-02-26,point,,08,29538
24,2022-01-30,1 wk ahead inc case,2022-02-05,point,,09,15709
25,2022-01-30,2 wk ahead inc case,2022-02-12,point,,09,14291
26,2022-01-30,3 wk ahead inc case,2022-02-19,point,,09,12198
27,2022-01-30,4 wk ahead inc case,2022-02-26,point,,09,11205
28,2022-01-30,1 wk ahead inc case,2022-02-05,point,,10,7182
29,2022-01-30,2 wk ahead inc case,2022-02-12,point,,10,5925
30,2022-01-30,3 wk ahead inc case,2022-02-19,point,,10,5342
31,2022-01-30,4 wk ahead inc case,2022-02-26,point,,10,5068
32,2022-01-30,1 wk ahead inc case,2022-02-05,point,,11,1256
33,2022-01-30,2 wk ahead inc case,2022-02-12,point,,11,721
34,2022-01-30,3 wk ahead inc case,2022-02-19,point,,11,876
35,2022-01-30,4 wk ahead inc case,2022-02-26,point,,11,1400
36,2022-01-30,1 wk ahead inc case,2022-02-05,point,,12,180905
37,2022-01-30,2 wk ahead inc case,2022-02-12,point,,12,159650
38,2022-01-30,3 wk ahead inc case,2022-02-19,point,,12,143930
39,2022-01-30,4 wk ahead inc case,2022-02-26,point,,12,133956
40,2022-01-30,1 wk ahead inc case,2022-02-05,point,,13,102989
41,2022-01-30,2 wk ahead inc case,2022-02-12,point,,13,91255
42,2022-01-30,3 wk ahead inc case,2022-02-19,point,,13,82102
43,2022-01-30,4 wk ahead inc case,2022-02-26,point,,13,85680
44,2022-01-30,1 wk ahead inc case,2022-02-05,point,,15,13872
45,2022-01-30,2 wk ahead inc case,2022-02-12,point,,15,10502
46,2022-01-30,3 wk ahead inc case,2022-02-19,point,,15,8214
47,2022-01-30,4 wk ahead inc case,2022-02-26,point,,15,8549
48,2022-01-30,1 wk ahead inc case,2022-02-05,point,,16,16186
49,2022-01-30,2 wk ahead inc case,2022-02-12,point,,16,15322
50,2022-01-30,3 wk ahead inc case,2022-02-19,point,,16,13352
51,2022-01-30,4 wk ahead inc case,2022-02-26,point,,16,11747
52,2022-01-30,1 wk ahead inc case,2022-02-05,point,,17,106505
53,2022-01-30,2 wk ahead inc case,2022-02-12,point,,17,94348
54,2022-01-30,3 wk ahead inc case,2022-02-19,point,,17,87521
55,2022-01-30,4 wk ahead inc case,2022-02-26,point,,17,75960
56,2022-01-30,1 wk ahead inc case,2022-02-05,point,,18,70351
57,2022-01-30,2 wk ahead inc case,2022-02-12,point,,18,64091
58,2022-01-30,3 wk ahead inc case,2022-02-19,point,,18,61854
59,2022-01-30,4 wk ahead inc case,2022-02-26,point,,18,50816
60,2022-01-30,1 wk ahead inc case,2022-02-05,point,,19,27365
61,2022-01-30,2 wk ahead inc case,2022-02-12,point,,19,23489
62,2022-01-30,3 wk ahead inc case,2022-02-19,point,,19,22409
63,2022-01-30,4 wk ahead inc case,2022-02-26,point,,19,18597
64,2022-01-30,1 wk ahead inc case,2022-02-05,point,,20,41845
65,2022-01-30,2 wk ahead inc case,2022-02-12,point,,20,31147
66,2022-01-30,3 wk ahead inc case,2022-02-19,point,,20,25440
67,2022-01-30,4 wk ahead inc case,2022-02-26,point,,20,23458
68,2022-01-30,1 wk ahead inc case,2022-02-05,point,,21,66966
69,2022-01-30,2 wk ahead inc case,2022-02-12,point,,21,47899
70,2022-01-30,3 wk ahead inc case,2022-02-19,point,,21,35503
71,2022-01-30,4 wk ahead inc case,2022-02-26,point,,21,33379
72,2022-01-30,1 wk ahead inc case,2022-02-05,point,,22,40608
73,2022-01-30,2 wk ahead inc case,2022-02-12,point,,22,37236
74,2022-01-30,3 wk ahead inc case,2022-02-19,point,,22,35975
75,2022-01-30,4 wk ahead inc case,2022-02-26,point,,22,31193
76,2022-01-30,1 wk ahead inc case,2022-02-05,point,,23,5262
77,2022-01-30,2 wk ahead inc case,2022-02-12,point,,23,4731
78,2022-01-30,3 wk ahead inc case,2022-02-19,point,,23,4266
79,2022-01-30,4 wk ahead inc case,2022-02-26,point,,23,4345
80,2022-01-30,1 wk ahead inc case,2022-02-05,point,,24,21299
81,2022-01-30,2 wk ahead inc case,2022-02-12,point,,24,20383
82,2022-01-30,3 wk ahead inc case,2022-02-19,point,,24,20763
83,2022-01-30,4 wk ahead inc case,2022-02-26,point,,24,17670
84,2022-01-30,1 wk ahead inc case,2022-02-05,point,,25,47628
85,2022-01-30,2 wk ahead inc case,2022-02-12,point,,25,37540
86,2022-01-30,3 wk ahead inc case,2022-02-19,point,,25,37638
87,2022-01-30,4 wk ahead inc case,2022-02-26,point,,25,33907
88,2022-01-30,1 wk ahead inc case,2022-02-05,point,,26,108799
89,2022-01-30,2 wk ahead inc case,2022-02-12,point,,26,100195
90,2022-01-30,3 wk ahead inc case,2022-02-19,point,,26,94147
91,2022-01-30,4 wk ahead inc case,2022-02-26,point,,26,90344
92,2022-01-30,1 wk ahead inc case,2022-02-05,point,,27,74516
93,2022-01-30,2 wk ahead inc case,2022-02-12,point,,27,55779
94,2022-01-30,3 wk ahead inc case,2022-02-19,point,,27,41824
95,2022-01-30,4 wk ahead inc case,2022-02-26,point,,27,37975
96,2022-01-30,1 wk ahead inc case,2022-02-05,point,,28,32135
97,2022-01-30,2 wk ahead inc case,2022-02-12,point,,28,25932
98,2022-01-30,3 wk ahead inc case,2022-02-19,point,,28,24613
99,2022-01-30,4 wk ahead inc case,2022-02-26,point,,28,23009
100,2022-01-30,1 wk ahead inc case,2022-02-05,point,,29,52620
101,2022-01-30,2 wk ahead inc case,2022-02-12,point,,29,41781
102,2022-01-30,3 wk ahead inc case,2022-02-19,point,,29,36282
103,2022-01-30,4 wk ahead inc case,2022-02-26,point,,29,35834
104,2022-01-30,1 wk ahead inc case,2022-02-05,point,,30,17116
105,2022-01-30,2 wk ahead inc case,2022-02-12,point,,30,15943
106,2022-01-30,3 wk ahead inc case,2022-02-19,point,,30,12931
107,2022-01-30,4 wk ahead inc case,2022-02-26,point,,30,10628
108,2022-01-30,1 wk ahead inc case,2022-02-05,point,,31,20828
109,2022-01-30,2 wk ahead inc case,2022-02-12,point,,31,17454
110,2022-01-30,3 wk ahead inc case,2022-02-19,point,,31,15572
111,2022-01-30,4 wk ahead inc case,2022-02-26,point,,31,14968
112,2022-01-30,1 wk ahead inc case,2022-02-05,point,,32,29109
113,2022-01-30,2 wk ahead inc case,2022-02-12,point,,32,22383
114,2022-01-30,3 wk ahead inc case,2022-02-19,point,,32,19451
115,2022-01-30,4 wk ahead inc case,2022-02-26,point,,32,21052
116,2022-01-30,1 wk ahead inc case,2022-02-05,point,,33,11796
117,2022-01-30,2 wk ahead inc case,2022-02-12,point,,33,8671
118,2022-01-30,3 wk ahead inc case,2022-02-19,point,,33,7933
119,2022-01-30,4 wk ahead inc case,2022-02-26,point,,33,8714
120,2022-01-30,1 wk ahead inc case,2022-02-05,point,,34,37962
121,2022-01-30,2 wk ahead inc case,2022-02-12,point,,34,43258
122,2022-01-30,3 wk ahead inc case,2022-02-19,point,,34,42844
123,2022-01-30,4 wk ahead inc case,2022-02-26,point,,34,35739
124,2022-01-30,1 wk ahead inc case,2022-02-05,point,,35,30790
125,2022-01-30,2 wk ahead inc case,2022-02-12,point,,35,23282
126,2022-01-30,3 wk ahead inc case,2022-02-19,point,,35,17340
127,2022-01-30,4 wk ahead inc case,2022-02-26,point,,35,14683
128,2022-01-30,1 wk ahead inc case,2022-02-05,point,,36,98936
129,2022-01-30,2 wk ahead inc case,2022-02-12,point,,36,90437
130,2022-01-30,3 wk ahead inc case,2022-02-19,point,,36,81556
131,2022-01-30,4 wk ahead inc case,2022-02-26,point,,36,80793
132,2022-01-30,1 wk ahead inc case,2022-02-05,point,,37,139099
133,2022-01-30,2 wk ahead inc case,2022-02-12,point,,37,102330
134,2022-01-30,3 wk ahead inc case,2022-02-19,point,,37,78811
135,2022-01-30,4 wk ahead inc case,2022-02-26,point,,37,73201
136,2022-01-30,1 wk ahead inc case,2022-02-05,point,,38,11074
137,2022-01-30,2 wk ahead inc case,2022-02-12,point,,38,8937
138,2022-01-30,3 wk ahead inc case,2022-02-19,point,,38,7436
139,2022-01-30,4 wk ahead inc case,2022-02-26,point,,38,6779
140,2022-01-30,1 wk ahead inc case,2022-02-05,point,,39,71402
141,2022-01-30,2 wk ahead inc case,2022-02-12,point,,39,64422
142,2022-01-30,3 wk ahead inc case,2022-02-19,point,,39,65822
143,2022-01-30,4 wk ahead inc case,2022-02-26,point,,39,53972
144,2022-01-30,1 wk ahead inc case,2022-02-05,point,,40,55935
145,2022-01-30,2 wk ahead inc case,2022-02-12,point,,40,39290
146,2022-01-30,3 wk ahead inc case,2022-02-19,point,,40,31659
147,2022-01-30,4 wk ahead inc case,2022-02-26,point,,40,31953
148,2022-01-30,1 wk ahead inc case,2022-02-05,point,,41,39393
149,2022-01-30,2 wk ahead inc case,2022-02-12,point,,41,31981
150,2022-01-30,3 wk ahead inc case,2022-02-19,point,,41,24960
151,2022-01-30,4 wk ahead inc case,2022-02-26,point,,41,21824
152,2022-01-30,1 wk ahead inc case,2022-02-05,point,,42,78306
153,2022-01-30,2 wk ahead inc case,2022-02-12,point,,42,75668
154,2022-01-30,3 wk ahead inc case,2022-02-19,point,,42,66690
155,2022-01-30,4 wk ahead inc case,2022-02-26,point,,42,64283
156,2022-01-30,1 wk ahead inc case,2022-02-05,point,,44,9017
157,2022-01-30,2 wk ahead inc case,2022-02-12,point,,44,5754
158,2022-01-30,3 wk ahead inc case,2022-02-19,point,,44,4703
159,2022-01-30,4 wk ahead inc case,2022-02-26,point,,44,4899
160,2022-01-30,1 wk ahead inc case,2022-02-05,point,,45,64733
161,2022-01-30,2 wk ahead inc case,2022-02-12,point,,45,46378
162,2022-01-30,3 wk ahead inc case,2022-02-19,point,,45,40273
163,2022-01-30,4 wk ahead inc case,2022-02-26,point,,45,34461
164,2022-01-30,1 wk ahead inc case,2022-02-05,point,,46,8097
165,2022-01-30,2 wk ahead inc case,2022-02-12,point,,46,7076
166,2022-01-30,3 wk ahead inc case,2022-02-19,point,,46,6654
167,2022-01-30,4 wk ahead inc case,2022-02-26,point,,46,6847
168,2022-01-30,1 wk ahead inc case,2022-02-05,point,,47,98517
169,2022-01-30,2 wk ahead inc case,2022-02-12,point,,47,71735
170,2022-01-30,3 wk ahead inc case,2022-02-19,point,,47,55424
171,2022-01-30,4 wk ahead inc case,2022-02-26,point,,47,51604
172,2022-01-30,1 wk ahead inc case,2022-02-05,point,,48,265362
173,2022-01-30,2 wk ahead inc case,2022-02-12,point,,48,239933
174,2022-01-30,3 wk ahead inc case,2022-02-19,point,,48,207036
175,2022-01-30,4 wk ahead inc case,2022-02-26,point,,48,189301
176,2022-01-30,1 wk ahead inc case,2022-02-05,point,,49,43589
177,2022-01-30,2 wk ahead inc case,2022-02-12,point,,49,30874
178,2022-01-30,3 wk ahead inc case,2022-02-19,point,,49,26026
179,2022-01-30,4 wk ahead inc case,2022-02-26,point,,49,24463
180,2022-01-30,1 wk ahead inc case,2022-02-05,point,,50,4975
181,2022-01-30,2 wk ahead inc case,2022-02-12,point,,50,3170
182,2022-01-30,3 wk ahead inc case,2022-02-19,point,,50,2635
183,2022-01-30,4 wk ahead inc case,2022-02-26,point,,50,2563
184,2022-01-30,1 wk ahead inc case,2022-02-05,point,,51,59950
185,2022-01-30,2 wk ahead inc case,2022-02-12,point,,51,54341
186,2022-01-30,3 wk ahead inc case,2022-02-19,point,,51,41056
187,2022-01-30,4 wk ahead inc case,2022-02-26,point,,51,32482
188,2022-01-30,1 wk ahead inc case,2022-02-05,point,,53,109672
189,2022-01-30,2 wk ahead inc case,2022-02-12,point,,53,83015
190,2022-01-30,3 wk ahead inc case,2022-02-19,point,,53,61586
191,2022-01-30,4 wk ahead inc case,2022-02-26,point,,53,46690
192,2022-01-30,1 wk ahead inc case,2022-02-05,point,,54,27334
193,2022-01-30,2 wk ahead inc case,2022-02-12,point,,54,21564
194,2022-01-30,3 wk ahead inc case,2022-02-19,point,,54,17590
195,2022-01-30,4 wk ahead inc case,2022-02-26,point,,54,16144
196,2022-01-30,1 wk ahead inc case,2022-02-05,point,,55,48757
197,2022-01-30,2 wk ahead inc case,2022-02-12,point,,55,35495
198,2022-01-30,3 wk ahead inc case,2022-02-19,point,,55,30213
199,2022-01-30,4 wk ahead inc case,2022-02-26,point,,55,29366
200,2022-01-30,1 wk ahead inc case,2022-02-05,point,,56,8040
201,2022-01-30,2 wk ahead inc case,2022-02-12,point,,56,7330
202,2022-01-30,3 wk ahead inc case,2022-02-19,point,,56,6219
203,2022-01-30,4 wk ahead inc case,2022-02-26,point,,56,5358
204,2022-01-30,1 wk ahead inc case,2022-02-05,quantile,0.025,01,48999
205,2022-01-30,1 wk ahead inc case,2022-02-05,quantile,0.1,01,53837
206,2022-01-30,1 wk ahead inc case,2022-02-05,quantile,0.5,01,63830
207,2022-01-30,1 wk ahead inc case,2022-02-05,quantile,0.75,01,68503
208,2022-01-30,1 wk ahead inc case,2022-02-05,quantile,0.9,01,72849
209,2022-01-30,1 wk ahead inc case,2022-02-05,quantile,0.975,01,77361
210,2022-01-30,2 wk ahead inc case,2022-02-12,quantile,0.025,01,33288
211,2022-01-30,2 wk ahead inc case,2022-02-12,quantile,0.1,01,38552
212,2022-01-30,2 wk ahead inc case,2022-02-12,quantile,0.5,01,47208
213,2022-01-30,2 wk ahead inc case,2022-02-12,quantile,0.75,01,53417
214,2022-01-30,2 wk ahead inc case,2022-02-12,quantile,0.9,01,57980
215,2022-01-30,2 wk ahead inc case,2022-02-12,quantile,0.975,01,62578
216,2022-01-30,3 wk ahead inc case,2022-02-19,quantile,0.025,01,27825
217,2022-01-30,3 wk ahead inc case,2022-02-19,quantile,0.1,01,31002
218,2022-01-30,3 wk ahead inc case,2022-02-19,quantile,0.5,01,41112
219,2022-01-30,3 wk ahead inc case,2022-02-19,quantile,0.75,01,45688
220,2022-01-30,3 wk ahead inc case,2022-02-19,quantile,0.9,01,52325
221,2022-01-30,3 wk ahead inc case,2022-02-19,quantile,0.975,01,57826
222,2022-01-30,4 wk ahead inc case,2022-02-26,quantile,0.025,01,22606
223,2022-01-30,4 wk ahead inc case,2022-02-26,quantile,0.1,01,28224
224,2022-01-30,4 wk ahead inc case,2022-02-26,quantile,0.5,01,38127
225,2022-01-30,4 wk ahead inc case,2022-02-26,quantile,0.75,01,44008
226,2022-01-30,4 wk ahead inc case,2022-02-26,quantile,0.9,01,47837
227,2022-01-30,4 wk ahead inc case,2022-02-26,quantile,0.975,01,54459
228,2022-01-30,1 wk ahead inc case,2022-02-05,quantile,0.025,02,11845
229,2022-01-30,1 wk ahead inc case,2022-02-05,quantile,0.1,02,12656
230,2022-01-30,1 wk ahead inc case,2022-02-05,quantile,0.5,02,14973
231,2022-01-30,1 wk ahead inc case,2022-02-05,quantile,0.75,02,16141
232,2022-01-30,1 wk ahead inc case,2022-02-05,quantile,0.9,02,17371
233,2022-01-30,1 wk ahead inc case,2022-02-05,quantile,0.975,02,18771
234,2022-01-30,2 wk ahead inc case,2022-02-12,quantile,0.025,02,8675
235,2022-01-30,2 wk ahead inc case,2022-02-12,quantile,0.1,02,9614
236,2022-01-30,2 wk ahead inc case,2022-02-12,quantile,0.5,02,12011
237,2022-01-30,2 wk ahead inc case,2022-02-12,quantile,0.75,02,13387
238,2022-01-30,2 wk ahead inc case,2022-02-12,quantile,0.9,02,14722
239,2022-01-30,2 wk ahead inc case,2022-02-12,quantile,0.975,02,16724
240,2022-01-30,3 wk ahead inc case,2022-02-19,quantile,0.025,02,6578
241,2022-01-30,3 wk ahead inc case,2022-02-19,quantile,0.1,02,7763
242,2022-01-30,3 wk ahead inc case,2022-02-19,quantile,0.5,02,9680
243,2022-01-30,3 wk ahead inc case,2022-02-19,quantile,0.75,02,11045
244,2022-01-30,3 wk ahead inc case,2022-02-19,quantile,0.9,02,12397
245,2022-01-30,3 wk ahead inc case,2022-02-19,quantile,0.975,02,13877
246,2022-01-30,4 wk ahead inc case,2022-02-26,quantile,0.025,02,5418
247,2022-01-30,4 wk ahead inc case,2022-02-26,quantile,0.1,02,6225
248,2022-01-30,4 wk ahead inc case,2022-02-26,quantile,0.5,02,8598
249,2022-01-30,4 wk ahead inc case,2022-02-26,quantile,0.75,02,9626
250,2022-01-30,4 wk ahead inc case,2022-02-26,quantile,0.9,02,10911
251,2022-01-30,4 wk ahead inc case,2022-02-26,quantile,0.975,02,12574
252,2022-01-30,1 wk ahead inc case,2022-02-05,quantile,0.025,04,76827
253,2022-01-30,1 wk ahead inc case,2022-02-05,quantile,0.1,04,82128
254,2022-01-30,1 wk ahead inc case,2022-02-05,quantile,0.5,04,96939
255,2022-01-30,1 wk ahead inc case,2022-02-05,quantile,0.75,04,107103
256,2022-01-30,1 wk ahead inc case,2022-02-05,quantile,0.9,04,114613
257,2022-01-30,1 wk ahead inc case,2022-02-05,quantile,0.975,04,120046
258,2022-01-30,2 wk ahead inc case,2022-02-12,quantile,0.025,04,38990
259,2022-01-30,2 wk ahead inc case,2022-02-12,quantile,0.1,04,50044
260,2022-01-30,2 wk ahead inc case,2022-02-12,quantile,0.5,04,63936
261,2022-01-30,2 wk ahead inc case,2022-02-12,quantile,0.75,04,73902
262,2022-01-30,2 wk ahead inc case,2022-02-12,quantile,0.9,04,82388
263,2022-01-30,2 wk ahead inc case,2022-02-12,quantile,0.975,04,91590
264,2022-01-30,3 wk ahead inc case,2022-02-19,quantile,0.025,04,28652
265,2022-01-30,3 wk ahead inc case,2022-02-19,quantile,0.1,04,36086
266,2022-01-30,3 wk ahead inc case,2022-02-19,quantile,0.5,04,50031
267,2022-01-30,3 wk ahead inc case,2022-02-19,quantile,0.75,04,59340
268,2022-01-30,3 wk ahead inc case,2022-02-19,quantile,0.9,04,69525
269,2022-01-30,3 wk ahead inc case,2022-02-19,quantile,0.975,04,79814
270,2022-01-30,4 wk ahead inc case,2022-02-26,quantile,0.025,04,23215
271,2022-01-30,4 wk ahead inc case,2022-02-26,quantile,0.1,04,29169
272,2022-01-30,4 wk ahead inc case,2022-02-26,quantile,0.5,04,44856
273,2022-01-30,4 wk ahead inc case,2022-02-26,quantile,0.75,04,54148
274,2022-01-30,4 wk ahead inc case,2022-02-26,quantile,0.9,04,62656
275,2022-01-30,4 wk ahead inc case,2022-02-26,quantile,0.975,04,67967
276,2022-01-30,1 wk ahead inc case,2022-02-05,quantile,0.025,05,23338
277,2022-01-30,1 wk ahead inc case,2022-02-05,quantile,0.1,05,25732
278,2022-01-30,1 wk ahead inc case,2022-02-05,quantile,0.5,05,31380
279,2022-01-30,1 wk ahead inc case,2022-02-05,quantile,0.75,05,34015
280,2022-01-30,1 wk ahead inc case,2022-02-05,quantile,0.9,05,36753
281,2022-01-30,1 wk ahead inc case,2022-02-05,quantile,0.975,05,40538
282,2022-01-30,2 wk ahead inc case,2022-02-12,quantile,0.025,05,16362
283,2022-01-30,2 wk ahead inc case,2022-02-12,quantile,0.1,05,18182
284,2022-01-30,2 wk ahead inc case,2022-02-12,quantile,0.5,05,23837
285,2022-01-30,2 wk ahead inc case,2022-02-12,quantile,0.75,05,25844
286,2022-01-30,2 wk ahead inc case,2022-02-12,quantile,0.9,05,28399
287,2022-01-30,2 wk ahead inc case,2022-02-12,quantile,0.975,05,33113
288,2022-01-30,3 wk ahead inc case,2022-02-19,quantile,0.025,05,13080
289,2022-01-30,3 wk ahead inc case,2022-02-19,quantile,0.1,05,15299
290,2022-01-30,3 wk ahead inc case,2022-02-19,quantile,0.5,05,19377
291,2022-01-30,3 wk ahead inc case,2022-02-19,quantile,0.75,05,22181
292,2022-01-30,3 wk ahead inc case,2022-02-19,quantile,0.9,05,24894
293,2022-01-30,3 wk ahead inc case,2022-02-19,quantile,0.975,05,28707
294,2022-01-30,4 wk ahead inc case,2022-02-26,quantile,0.025,05,10117
295,2022-01-30,4 wk ahead inc case,2022-02-26,quantile,0.1,05,12584
296,2022-01-30,4 wk ahead inc case,2022-02-26,quantile,0.5,05,17003
297,2022-01-30,4 wk ahead inc case,2022-02-26,quantile,0.75,05,19367
298,2022-01-30,4 wk ahead inc case,2022-02-26,quantile,0.9,05,21922
299,2022-01-30,4 wk ahead inc case,2022-02-26,quantile,0.975,05,24409
300,2022-01-30,1 wk ahead inc case,2022-02-05,quantile,0.025,06,421272
301,2022-01-30,1 wk ahead inc case,2022-02-05,quantile,0.1,06,452770
302,2022-01-30,1 wk ahead inc case,2022-02-05,quantile,0.5,06,529508
303,2022-01-30,1 wk ahead inc case,2022-02-05,quantile,0.75,06,564617
304,2022-01-30,1 wk ahead inc case,2022-02-05,quantile,0.9,06,607305
305,2022-01-30,1 wk ahead inc case,2022-02-05,quantile,0.975,06,631946
306,2022-01-30,2 wk ahead inc case,2022-02-12,quantile,0.025,06,311991
307,2022-01-30,2 wk ahead inc case,2022-02-12,quantile,0.1,06,344030
308,2022-01-30,2 wk ahead inc case,2022-02-12,quantile,0.5,06,447104
309,2022-01-30,2 wk ahead inc case,2022-02-12,quantile,0.75,06,519414
310,2022-01-30,2 wk ahead inc case,2022-02-12,quantile,0.9,06,563303
311,2022-01-30,2 wk ahead inc case,2022-02-12,quantile,0.975,06,631206
312,2022-01-30,3 wk ahead inc case,2022-02-19,quantile,0.025,06,190298
313,2022-01-30,3 wk ahead inc case,2022-02-19,quantile,0.1,06,244040
314,2022-01-30,3 wk ahead inc case,2022-02-19,quantile,0.5,06,345028
315,2022-01-30,3 wk ahead inc case,2022-02-19,quantile,0.75,06,408337
316,2022-01-30,3 wk ahead inc case,2022-02-19,quantile,0.9,06,465217
317,2022-01-30,3 wk ahead inc case,2022-02-19,quantile,0.975,06,543762
318,2022-01-30,4 wk ahead inc case,2022-02-26,quantile,0.025,06,170366
319,2022-01-30,4 wk ahead inc case,2022-02-26,quantile,0.1,06,202790
320,2022-01-30,4 wk ahead inc case,2022-02-26,quantile,0.5,06,308668
321,2022-01-30,4 wk ahead inc case,2022-02-26,quantile,0.75,06,380289
322,2022-01-30,4 wk ahead inc case,2022-02-26,quantile,0.9,06,432684
323,2022-01-30,4 wk ahead inc case,2022-02-26,quantile,0.975,06,489935
324,2022-01-30,1 wk ahead inc case,2022-02-05,quantile,0.025,08,36569
325,2022-01-30,1 wk ahead inc case,2022-02-05,quantile,0.1,08,40397
326,2022-01-30,1 wk ahead inc case,2022-02-05,quantile,0.5,08,47023
327,2022-01-30,1 wk ahead inc case,2022-02-05,quantile,0.75,08,50848
328,2022-01-30,1 wk ahead inc case,2022-02-05,quantile,0.9,08,54237
329,2022-01-30,1 wk ahead inc case,2022-02-05,quantile,0.975,08,57703
330,2022-01-30,2 wk ahead inc case,2022-02-12,quantile,0.025,08,21926
331,2022-01-30,2 wk ahead inc case,2022-02-12,quantile,0.1,08,26897
332,2022-01-30,2 wk ahead inc case,2022-02-12,quantile,0.5,08,37265
333,2022-01-30,2 wk ahead inc case,2022-02-12,quantile,0.75,08,43529
334,2022-01-30,2 wk ahead inc case,2022-02-12,quantile,0.9,08,49549
335,2022-01-30,2 wk ahead inc case,2022-02-12,quantile,0.975,08,55657
336,2022-01-30,3 wk ahead inc case,2022-02-19,quantile,0.025,08,17200
337,2022-01-30,3 wk ahead inc case,2022-02-19,quantile,0.1,08,22567
338,2022-01-30,3 wk ahead inc case,2022-02-19,quantile,0.5,08,34967
339,2022-01-30,3 wk ahead inc case,2022-02-19,quantile,0.75,08,42274
340,2022-01-30,3 wk ahead inc case,2022-02-19,quantile,0.9,08,49044
341,2022-01-30,3 wk ahead inc case,2022-02-19,quantile,0.975,08,57938
342,2022-01-30,4 wk ahead inc case,2022-02-26,quantile,0.025,08,9114
343,2022-01-30,4 wk ahead inc case,2022-02-26,quantile,0.1,08,18494
344,2022-01-30,4 wk ahead inc case,2022-02-26,quantile,0.5,08,29538
345,2022-01-30,4 wk ahead inc case,2022-02-26,quantile,0.75,08,36325
346,2022-01-30,4 wk ahead inc case,2022-02-26,quantile,0.9,08,43601
347,2022-01-30,4 wk ahead inc case,2022-02-26,quantile,0.975,08,55086
348,2022-01-30,1 wk ahead inc case,2022-02-05,quantile,0.025,09,9453
349,2022-01-30,1 wk ahead inc case,2022-02-05,quantile,0.1,09,11583
350,2022-01-30,1 wk ahead inc case,2022-02-05,quantile,0.5,09,15709
351,2022-01-30,1 wk ahead inc case,2022-02-05,quantile,0.75,09,18249
352,2022-01-30,1 wk ahead inc case,2022-02-05,quantile,0.9,09,20397
353,2022-01-30,1 wk ahead inc case,2022-02-05,quantile,0.975,09,22271
354,2022-01-30,2 wk ahead inc case,2022-02-12,quantile,0.025,09,3958
355,2022-01-30,2 wk ahead inc case,2022-02-12,quantile,0.1,09,7201
356,2022-01-30,2 wk ahead inc case,2022-02-12,quantile,0.5,09,14291
357,2022-01-30,2 wk ahead inc case,2022-02-12,quantile,0.75,09,17570
358,2022-01-30,2 wk ahead inc case,2022-02-12,quantile,0.9,09,20373
359,2022-01-30,2 wk ahead inc case,2022-02-12,quantile,0.975,09,25085
360,2022-01-30,3 wk ahead inc case,2022-02-19,quantile,0.025,09,2647
361,2022-01-30,3 wk ahead inc case,2022-02-19,quantile,0.1,09,5299
362,2022-01-30,3 wk ahead inc case,2022-02-19,quantile,0.5,09,12198
363,2022-01-30,3 wk ahead inc case,2022-02-19,quantile,0.75,09,15975
364,2022-01-30,3 wk ahead inc case,2022-02-19,quantile,0.9,09,19201
365,2022-01-30,3 wk ahead inc case,2022-02-19,quantile,0.975,09,22780
366,2022-01-30,4 wk ahead inc case,2022-02-26,quantile,0.025,09,1195
367,2022-01-30,4 wk ahead inc case,2022-02-26,quantile,0.1,09,5019
368,2022-01-30,4 wk ahead inc case,2022-02-26,quantile,0.5,09,11205
369,2022-01-30,4 wk ahead inc case,2022-02-26,quantile,0.75,09,14057
370,2022-01-30,4 wk ahead inc case,2022-02-26,quantile,0.9,09,16829
371,2022-01-30,4 wk ahead inc case,2022-02-26,quantile,0.975,09,20410
372,2022-01-30,1 wk ahead inc case,2022-02-05,quantile,0.025,10,5203
373,2022-01-30,1 wk ahead inc case,2022-02-05,quantile,0.1,10,5970
374,2022-01-30,1 wk ahead inc case,2022-02-05,quantile,0.5,10,7182
375,2022-01-30,1 wk ahead inc case,2022-02-05,quantile,0.75,10,7820
376,2022-01-30,1 wk ahead inc case,2022-02-05,quantile,0.9,10,8322
377,2022-01-30,1 wk ahead inc case,2022-02-05,quantile,0.975,10,9173
378,2022-01-30,2 wk ahead inc case,2022-02-12,quantile,0.025,10,3311
379,2022-01-30,2 wk ahead inc case,2022-02-12,quantile,0.1,10,4318
380,2022-01-30,2 wk ahead inc case,2022-02-12,quantile,0.5,10,5925
381,2022-01-30,2 wk ahead inc case,2022-02-12,quantile,0.75,10,6994
382,2022-01-30,2 wk ahead inc case,2022-02-12,quantile,0.9,10,8064
383,2022-01-30,2 wk ahead inc case,2022-02-12,quantile,0.975,10,9297
384,2022-01-30,3 wk ahead inc case,2022-02-19,quantile,0.025,10,2386
385,2022-01-30,3 wk ahead inc case,2022-02-19,quantile,0.1,10,3681
386,2022-01-30,3 wk ahead inc case,2022-02-19,quantile,0.5,10,5342
387,2022-01-30,3 wk ahead inc case,2022-02-19,quantile,0.75,10,6628
388,2022-01-30,3 wk ahead inc case,2022-02-19,quantile,0.9,10,7624
389,2022-01-30,3 wk ahead inc case,2022-02-19,quantile,0.975,10,8481
390,2022-01-30,4 wk ahead inc case,2022-02-26,quantile,0.025,10,2157
391,2022-01-30,4 wk ahead inc case,2022-02-26,quantile,0.1,10,3266
392,2022-01-30,4 wk ahead inc case,2022-02-26,quantile,0.5,10,5068
393,2022-01-30,4 wk ahead inc case,2022-02-26,quantile,0.75,10,6218
394,2022-01-30,4 wk ahead inc case,2022-02-26,quantile,0.9,10,7454
395,2022-01-30,4 wk ahead inc case,2022-02-26,quantile,0.975,10,9042
396,2022-01-30,1 wk ahead inc case,2022-02-05,quantile,0.025,11,0
397,2022-01-30,1 wk ahead inc case,2022-02-05,quantile,0.1,11,111
398,2022-01-30,1 wk ahead inc case,2022-02-05,quantile,0.5,11,1256
399,2022-01-30,1 wk ahead inc case,2022-02-05,quantile,0.75,11,1801
400,2022-01-30,1 wk ahead inc case,2022-02-05,quantile,0.9,11,2188
401,2022-01-30,1 wk ahead inc case,2022-02-05,quantile,0.975,11,2666
402,2022-01-30,2 wk ahead inc case,2022-02-12,quantile,0.025,11,0
403,2022-01-30,2 wk ahead inc case,2022-02-12,quantile,0.1,11,0
404,2022-01-30,2 wk ahead inc case,2022-02-12,quantile,0.5,11,721
405,2022-01-30,2 wk ahead inc case,2022-02-12,quantile,0.75,11,1618
406,2022-01-30,2 wk ahead inc case,2022-02-12,quantile,0.9,11,2374
407,2022-01-30,2 wk ahead inc case,2022-02-12,quantile,0.975,11,3250
408,2022-01-30,3 wk ahead inc case,2022-02-19,quantile,0.025,11,0
409,2022-01-30,3 wk ahead inc case,2022-02-19,quantile,0.1,11,0
410,2022-01-30,3 wk ahead inc case,2022-02-19,quantile,0.5,11,876
411,2022-01-30,3 wk ahead inc case,2022-02-19,quantile,0.75,11,2215
412,2022-01-30,3 wk ahead inc case,2022-02-19,quantile,0.9,11,3533
413,2022-01-30,3 wk ahead inc case,2022-02-19,quantile,0.975,11,4999
414,2022-01-30,4 wk ahead inc case,2022-02-26,quantile,0.025,11,0
415,2022-01-30,4 wk ahead inc case,2022-02-26,quantile,0.1,11,0
416,2022-01-30,4 wk ahead inc case,2022-02-26,quantile,0.5,11,1400
417,2022-01-30,4 wk ahead inc case,2022-02-26,quantile,0.75,11,2644
418,2022-01-30,4 wk ahead inc case,2022-02-26,quantile,0.9,11,4101
419,2022-01-30,4 wk ahead inc case,2022-02-26,quantile,0.975,11,5433
420,2022-01-30,1 wk ahead inc case,2022-02-05,quantile,0.025,12,134637
421,2022-01-30,1 wk ahead inc case,2022-02-05,quantile,0.1,12,149959
422,2022-01-30,1 wk ahead inc case,2022-02-05,quantile,0.5,12,180905
423,2022-01-30,1 wk ahead inc case,2022-02-05,quantile,0.75,12,195627
424,2022-01-30,1 wk ahead inc case,2022-02-05,quantile,0.9,12,206761
425,2022-01-30,1 wk ahead inc case,2022-02-05,quantile,0.975,12,220685
426,2022-01-30,2 wk ahead inc case,2022-02-12,quantile,0.025,12,102922
427,2022-01-30,2 wk ahead inc case,2022-02-12,quantile,0.1,12,122560
428,2022-01-30,2 wk ahead inc case,2022-02-12,quantile,0.5,12,159650
429,2022-01-30,2 wk ahead inc case,2022-02-12,quantile,0.75,12,185703
430,2022-01-30,2 wk ahead inc case,2022-02-12,quantile,0.9,12,208435
431,2022-01-30,2 wk ahead inc case,2022-02-12,quantile,0.975,12,232221
432,2022-01-30,3 wk ahead inc case,2022-02-19,quantile,0.025,12,82904
433,2022-01-30,3 wk ahead inc case,2022-02-19,quantile,0.1,12,103125
434,2022-01-30,3 wk ahead inc case,2022-02-19,quantile,0.5,12,143930
435,2022-01-30,3 wk ahead inc case,2022-02-19,quantile,0.75,12,170281
436,2022-01-30,3 wk ahead inc case,2022-02-19,quantile,0.9,12,189738
437,2022-01-30,3 wk ahead inc case,2022-02-19,quantile,0.975,12,219637
438,2022-01-30,4 wk ahead inc case,2022-02-26,quantile,0.025,12,68422
439,2022-01-30,4 wk ahead inc case,2022-02-26,quantile,0.1,12,93973
440,2022-01-30,4 wk ahead inc case,2022-02-26,quantile,0.5,12,133956
441,2022-01-30,4 wk ahead inc case,2022-02-26,quantile,0.75,12,165382
442,2022-01-30,4 wk ahead inc case,2022-02-26,quantile,0.9,12,187743
443,2022-01-30,4 wk ahead inc case,2022-02-26,quantile,0.975,12,230128
444,2022-01-30,1 wk ahead inc case,2022-02-05,quantile,0.025,13,82076
445,2022-01-30,1 wk ahead inc case,2022-02-05,quantile,0.1,13,89762
446,2022-01-30,1 wk ahead inc case,2022-02-05,quantile,0.5,13,102989
447,2022-01-30,1 wk ahead inc case,2022-02-05,quantile,0.75,13,109631
448,2022-01-30,1 wk ahead inc case,2022-02-05,quantile,0.9,13,118166
449,2022-01-30,1 wk ahead inc case,2022-02-05,quantile,0.975,13,125907
450,2022-01-30,2 wk ahead inc case,2022-02-12,quantile,0.025,13,63790
451,2022-01-30,2 wk ahead inc case,2022-02-12,quantile,0.1,13,70959
452,2022-01-30,2 wk ahead inc case,2022-02-12,quantile,0.5,13,91255
453,2022-01-30,2 wk ahead inc case,2022-02-12,quantile,0.75,13,103331
454,2022-01-30,2 wk ahead inc case,2022-02-12,quantile,0.9,13,115424
455,2022-01-30,2 wk ahead inc case,2022-02-12,quantile,0.975,13,136088
456,2022-01-30,3 wk ahead inc case,2022-02-19,quantile,0.025,13,57311
457,2022-01-30,3 wk ahead inc case,2022-02-19,quantile,0.1,13,64176
458,2022-01-30,3 wk ahead inc case,2022-02-19,quantile,0.5,13,82102
459,2022-01-30,3 wk ahead inc case,2022-02-19,quantile,0.75,13,95076
460,2022-01-30,3 wk ahead inc case,2022-02-19,quantile,0.9,13,110455
461,2022-01-30,3 wk ahead inc case,2022-02-19,quantile,0.975,13,123852
462,2022-01-30,4 wk ahead inc case,2022-02-26,quantile,0.025,13,49761
463,2022-01-30,4 wk ahead inc case,2022-02-26,quantile,0.1,13,61504
464,2022-01-30,4 wk ahead inc case,2022-02-26,quantile,0.5,13,85680
465,2022-01-30,4 wk ahead inc case,2022-02-26,quantile,0.75,13,98285
466,2022-01-30,4 wk ahead inc case,2022-02-26,quantile,0.9,13,112095
467,2022-01-30,4 wk ahead inc case,2022-02-26,quantile,0.975,13,127411
468,2022-01-30,1 wk ahead inc case,2022-02-05,quantile,0.025,15,10310
469,2022-01-30,1 wk ahead inc case,2022-02-05,quantile,0.1,15,11857
470,2022-01-30,1 wk ahead inc case,2022-02-05,quantile,0.5,15,13872
471,2022-01-30,1 wk ahead inc case,2022-02-05,quantile,0.75,15,14996
472,2022-01-30,1 wk ahead inc case,2022-02-05,quantile,0.9,15,16235
473,2022-01-30,1 wk ahead inc case,2022-02-05,quantile,0.975,15,16956
474,2022-01-30,2 wk ahead inc case,2022-02-12,quantile,0.025,15,6340
475,2022-01-30,2 wk ahead inc case,2022-02-12,quantile,0.1,15,7165
476,2022-01-30,2 wk ahead inc case,2022-02-12,quantile,0.5,15,10502
477,2022-01-30,2 wk ahead inc case,2022-02-12,quantile,0.75,15,12017
478,2022-01-30,2 wk ahead inc case,2022-02-12,quantile,0.9,15,13846
479,2022-01-30,2 wk ahead inc case,2022-02-12,quantile,0.975,15,15427
480,2022-01-30,3 wk ahead inc case,2022-02-19,quantile,0.025,15,2663
481,2022-01-30,3 wk ahead inc case,2022-02-19,quantile,0.1,15,4835
482,2022-01-30,3 wk ahead inc case,2022-02-19,quantile,0.5,15,8214
483,2022-01-30,3 wk ahead inc case,2022-02-19,quantile,0.75,15,10656
484,2022-01-30,3 wk ahead inc case,2022-02-19,quantile,0.9,15,12526
485,2022-01-30,3 wk ahead inc case,2022-02-19,quantile,0.975,15,15261
486,2022-01-30,4 wk ahead inc case,2022-02-26,quantile,0.025,15,1673
487,2022-01-30,4 wk ahead inc case,2022-02-26,quantile,0.1,15,4482
488,2022-01-30,4 wk ahead inc case,2022-02-26,quantile,0.5,15,8549
489,2022-01-30,4 wk ahead inc case,2022-02-26,quantile,0.75,15,10631
490,2022-01-30,4 wk ahead inc case,2022-02-26,quantile,0.9,15,12689
491,2022-01-30,4 wk ahead inc case,2022-02-26,quantile,0.975,15,15520
492,2022-01-30,1 wk ahead inc case,2022-02-05,quantile,0.025,16,12667
493,2022-01-30,1 wk ahead inc case,2022-02-05,quantile,0.1,16,13717
494,2022-01-30,1 wk ahead inc case,2022-02-05,quantile,0.5,16,16186
495,2022-01-30,1 wk ahead inc case,2022-02-05,quantile,0.75,16,17442
496,2022-01-30,1 wk ahead inc case,2022-02-05,quantile,0.9,16,18498
497,2022-01-30,1 wk ahead inc case,2022-02-05,quantile,0.975,16,19790
498,2022-01-30,2 wk ahead inc case,2022-02-12,quantile,0.025,16,11393
499,2022-01-30,2 wk ahead inc case,2022-02-12,quantile,0.1,16,12725
500,2022-01-30,2 wk ahead inc case,2022-02-12,quantile,0.5,16,15322
501,2022-01-30,2 wk ahead inc case,2022-02-12,quantile,0.75,16,16758
502,2022-01-30,2 wk ahead inc case,2022-02-12,quantile,0.9,16,18328
503,2022-01-30,2 wk ahead inc case,2022-02-12,quantile,0.975,16,21245
504,2022-01-30,3 wk ahead inc case,2022-02-19,quantile,0.025,16,9725
505,2022-01-30,3 wk ahead inc case,2022-02-19,quantile,0.1,16,10795
506,2022-01-30,3 wk ahead inc case,2022-02-19,quantile,0.5,16,13352
507,2022-01-30,3 wk ahead inc case,2022-02-19,quantile,0.75,16,15186
508,2022-01-30,3 wk ahead inc case,2022-02-19,quantile,0.9,16,16869
509,2022-01-30,3 wk ahead inc case,2022-02-19,quantile,0.975,16,19322
510,2022-01-30,4 wk ahead inc case,2022-02-26,quantile,0.025,16,7313
511,2022-01-30,4 wk ahead inc case,2022-02-26,quantile,0.1,16,9022
512,2022-01-30,4 wk ahead inc case,2022-02-26,quantile,0.5,16,11747
513,2022-01-30,4 wk ahead inc case,2022-02-26,quantile,0.75,16,13201
514,2022-01-30,4 wk ahead inc case,2022-02-26,quantile,0.9,16,15210
515,2022-01-30,4 wk ahead inc case,2022-02-26,quantile,0.975,16,17235
516,2022-01-30,1 wk ahead inc case,2022-02-05,quantile,0.025,17,78759
517,2022-01-30,1 wk ahead inc case,2022-02-05,quantile,0.1,17,88645
518,2022-01-30,1 wk ahead inc case,2022-02-05,quantile,0.5,17,106505
519,2022-01-30,1 wk ahead inc case,2022-02-05,quantile,0.75,17,114767
520,2022-01-30,1 wk ahead inc case,2022-02-05,quantile,0.9,17,122098
521,2022-01-30,1 wk ahead inc case,2022-02-05,quantile,0.975,17,133217
522,2022-01-30,2 wk ahead inc case,2022-02-12,quantile,0.025,17,56302
523,2022-01-30,2 wk ahead inc case,2022-02-12,quantile,0.1,17,68790
524,2022-01-30,2 wk ahead inc case,2022-02-12,quantile,0.5,17,94348
525,2022-01-30,2 wk ahead inc case,2022-02-12,quantile,0.75,17,109990
526,2022-01-30,2 wk ahead inc case,2022-02-12,quantile,0.9,17,120175
527,2022-01-30,2 wk ahead inc case,2022-02-12,quantile,0.975,17,135459
528,2022-01-30,3 wk ahead inc case,2022-02-19,quantile,0.025,17,44449
529,2022-01-30,3 wk ahead inc case,2022-02-19,quantile,0.1,17,59218
530,2022-01-30,3 wk ahead inc case,2022-02-19,quantile,0.5,17,87521
531,2022-01-30,3 wk ahead inc case,2022-02-19,quantile,0.75,17,101593
532,2022-01-30,3 wk ahead inc case,2022-02-19,quantile,0.9,17,115349
533,2022-01-30,3 wk ahead inc case,2022-02-19,quantile,0.975,17,136599
534,2022-01-30,4 wk ahead inc case,2022-02-26,quantile,0.025,17,37310
535,2022-01-30,4 wk ahead inc case,2022-02-26,quantile,0.1,17,50554
536,2022-01-30,4 wk ahead inc case,2022-02-26,quantile,0.5,17,75960
537,2022-01-30,4 wk ahead inc case,2022-02-26,quantile,0.75,17,89864
538,2022-01-30,4 wk ahead inc case,2022-02-26,quantile,0.9,17,105280
539,2022-01-30,4 wk ahead inc case,2022-02-26,quantile,0.975,17,119965
540,2022-01-30,1 wk ahead inc case,2022-02-05,quantile,0.025,18,54148
541,2022-01-30,1 wk ahead inc case,2022-02-05,quantile,0.1,18,59682
542,2022-01-30,1 wk ahead inc case,2022-02-05,quantile,0.5,18,70351
543,2022-01-30,1 wk ahead inc case,2022-02-05,quantile,0.75,18,76671
544,2022-01-30,1 wk ahead inc case,2022-02-05,quantile,0.9,18,82032
545,2022-01-30,1 wk ahead inc case,2022-02-05,quantile,0.975,18,86841
546,2022-01-30,2 wk ahead inc case,2022-02-12,quantile,0.025,18,40549
547,2022-01-30,2 wk ahead inc case,2022-02-12,quantile,0.1,18,49117
548,2022-01-30,2 wk ahead inc case,2022-02-12,quantile,0.5,18,64091
549,2022-01-30,2 wk ahead inc case,2022-02-12,quantile,0.75,18,71204
550,2022-01-30,2 wk ahead inc case,2022-02-12,quantile,0.9,18,78884
551,2022-01-30,2 wk ahead inc case,2022-02-12,quantile,0.975,18,86955
552,2022-01-30,3 wk ahead inc case,2022-02-19,quantile,0.025,18,41337
553,2022-01-30,3 wk ahead inc case,2022-02-19,quantile,0.1,18,46786
554,2022-01-30,3 wk ahead inc case,2022-02-19,quantile,0.5,18,61854
555,2022-01-30,3 wk ahead inc case,2022-02-19,quantile,0.75,18,72785
556,2022-01-30,3 wk ahead inc case,2022-02-19,quantile,0.9,18,80440
557,2022-01-30,3 wk ahead inc case,2022-02-19,quantile,0.975,18,87872
558,2022-01-30,4 wk ahead inc case,2022-02-26,quantile,0.025,18,32951
559,2022-01-30,4 wk ahead inc case,2022-02-26,quantile,0.1,18,38367
560,2022-01-30,4 wk ahead inc case,2022-02-26,quantile,0.5,18,50816
561,2022-01-30,4 wk ahead inc case,2022-02-26,quantile,0.75,18,58393
562,2022-01-30,4 wk ahead inc case,2022-02-26,quantile,0.9,18,66082
563,2022-01-30,4 wk ahead inc case,2022-02-26,quantile,0.975,18,72870
564,2022-01-30,1 wk ahead inc case,2022-02-05,quantile,0.025,19,20747
565,2022-01-30,1 wk ahead inc case,2022-02-05,quantile,0.1,19,23565
566,2022-01-30,1 wk ahead inc case,2022-02-05,quantile,0.5,19,27365
567,2022-01-30,1 wk ahead inc case,2022-02-05,quantile,0.75,19,29620
568,2022-01-30,1 wk ahead inc case,2022-02-05,quantile,0.9,19,31637
569,2022-01-30,1 wk ahead inc case,2022-02-05,quantile,0.975,19,34607
570,2022-01-30,2 wk ahead inc case,2022-02-12,quantile,0.025,19,15793
571,2022-01-30,2 wk ahead inc case,2022-02-12,quantile,0.1,19,18020
572,2022-01-30,2 wk ahead inc case,2022-02-12,quantile,0.5,19,23489
573,2022-01-30,2 wk ahead inc case,2022-02-12,quantile,0.75,19,26840
574,2022-01-30,2 wk ahead inc case,2022-02-12,quantile,0.9,19,29236
575,2022-01-30,2 wk ahead inc case,2022-02-12,quantile,0.975,19,33594
576,2022-01-30,3 wk ahead inc case,2022-02-19,quantile,0.025,19,14815
577,2022-01-30,3 wk ahead inc case,2022-02-19,quantile,0.1,19,16688
578,2022-01-30,3 wk ahead inc case,2022-02-19,quantile,0.5,19,22409
579,2022-01-30,3 wk ahead inc case,2022-02-19,quantile,0.75,19,25460
580,2022-01-30,3 wk ahead inc case,2022-02-19,quantile,0.9,19,28493
581,2022-01-30,3 wk ahead inc case,2022-02-19,quantile,0.975,19,31423
582,2022-01-30,4 wk ahead inc case,2022-02-26,quantile,0.025,19,11656
583,2022-01-30,4 wk ahead inc case,2022-02-26,quantile,0.1,19,13870
584,2022-01-30,4 wk ahead inc case,2022-02-26,quantile,0.5,19,18597
585,2022-01-30,4 wk ahead inc case,2022-02-26,quantile,0.75,19,21103
586,2022-01-30,4 wk ahead inc case,2022-02-26,quantile,0.9,19,23980
587,2022-01-30,4 wk ahead inc case,2022-02-26,quantile,0.975,19,25989
588,2022-01-30,1 wk ahead inc case,2022-02-05,quantile,0.025,20,32657
589,2022-01-30,1 wk ahead inc case,2022-02-05,quantile,0.1,20,35368
590,2022-01-30,1 wk ahead inc case,2022-02-05,quantile,0.5,20,41845
591,2022-01-30,1 wk ahead inc case,2022-02-05,quantile,0.75,20,45215
592,2022-01-30,1 wk ahead inc case,2022-02-05,quantile,0.9,20,48548
593,2022-01-30,1 wk ahead inc case,2022-02-05,quantile,0.975,20,51160
594,2022-01-30,2 wk ahead inc case,2022-02-12,quantile,0.025,20,21565
595,2022-01-30,2 wk ahead inc case,2022-02-12,quantile,0.1,20,24186
596,2022-01-30,2 wk ahead inc case,2022-02-12,quantile,0.5,20,31147
597,2022-01-30,2 wk ahead inc case,2022-02-12,quantile,0.75,20,33970
598,2022-01-30,2 wk ahead inc case,2022-02-12,quantile,0.9,20,37387
599,2022-01-30,2 wk ahead inc case,2022-02-12,quantile,0.975,20,40420
600,2022-01-30,3 wk ahead inc case,2022-02-19,quantile,0.025,20,15765
601,2022-01-30,3 wk ahead inc case,2022-02-19,quantile,0.1,20,19014
602,2022-01-30,3 wk ahead inc case,2022-02-19,quantile,0.5,20,25440
603,2022-01-30,3 wk ahead inc case,2022-02-19,quantile,0.75,20,28664
604,2022-01-30,3 wk ahead inc case,2022-02-19,quantile,0.9,20,32135
605,2022-01-30,3 wk ahead inc case,2022-02-19,quantile,0.975,20,36812
606,2022-01-30,4 wk ahead inc case,2022-02-26,quantile,0.025,20,14949
607,2022-01-30,4 wk ahead inc case,2022-02-26,quantile,0.1,20,16904
608,2022-01-30,4 wk ahead inc case,2022-02-26,quantile,0.5,20,23458
609,2022-01-30,4 wk ahead inc case,2022-02-26,quantile,0.75,20,27764
610,2022-01-30,4 wk ahead inc case,2022-02-26,quantile,0.9,20,32421
611,2022-01-30,4 wk ahead inc case,2022-02-26,quantile,0.975,20,36676
612,2022-01-30,1 wk ahead inc case,2022-02-05,quantile,0.025,21,53860
613,2022-01-30,1 wk ahead inc case,2022-02-05,quantile,0.1,21,56973
614,2022-01-30,1 wk ahead inc case,2022-02-05,quantile,0.5,21,66966
615,2022-01-30,1 wk ahead inc case,2022-02-05,quantile,0.75,21,71900
616,2022-01-30,1 wk ahead inc case,2022-02-05,quantile,0.9,21,76840
617,2022-01-30,1 wk ahead inc case,2022-02-05,quantile,0.975,21,83212
618,2022-01-30,2 wk ahead inc case,2022-02-12,quantile,0.025,21,34462
619,2022-01-30,2 wk ahead inc case,2022-02-12,quantile,0.1,21,38609
620,2022-01-30,2 wk ahead inc case,2022-02-12,quantile,0.5,21,47899
621,2022-01-30,2 wk ahead inc case,2022-02-12,quantile,0.75,21,52871
622,2022-01-30,2 wk ahead inc case,2022-02-12,quantile,0.9,21,56862
623,2022-01-30,2 wk ahead inc case,2022-02-12,quantile,0.975,21,61880
624,2022-01-30,3 wk ahead inc case,2022-02-19,quantile,0.025,21,23130
625,2022-01-30,3 wk ahead inc case,2022-02-19,quantile,0.1,21,27687
626,2022-01-30,3 wk ahead inc case,2022-02-19,quantile,0.5,21,35503
627,2022-01-30,3 wk ahead inc case,2022-02-19,quantile,0.75,21,41353
628,2022-01-30,3 wk ahead inc case,2022-02-19,quantile,0.9,21,45475
629,2022-01-30,3 wk ahead inc case,2022-02-19,quantile,0.975,21,52861
630,2022-01-30,4 wk ahead inc case,2022-02-26,quantile,0.025,21,20709
631,2022-01-30,4 wk ahead inc case,2022-02-26,quantile,0.1,21,23923
632,2022-01-30,4 wk ahead inc case,2022-02-26,quantile,0.5,21,33379
633,2022-01-30,4 wk ahead inc case,2022-02-26,quantile,0.75,21,39184
634,2022-01-30,4 wk ahead inc case,2022-02-26,quantile,0.9,21,43738
635,2022-01-30,4 wk ahead inc case,2022-02-26,quantile,0.975,21,50426
636,2022-01-30,1 wk ahead inc case,2022-02-05,quantile,0.025,22,31749
637,2022-01-30,1 wk ahead inc case,2022-02-05,quantile,0.1,22,34378
638,2022-01-30,1 wk ahead inc case,2022-02-05,quantile,0.5,22,40608
639,2022-01-30,1 wk ahead inc case,2022-02-05,quantile,0.75,22,44304
640,2022-01-30,1 wk ahead inc case,2022-02-05,quantile,0.9,22,48154
641,2022-01-30,1 wk ahead inc case,2022-02-05,quantile,0.975,22,52174
642,2022-01-30,2 wk ahead inc case,2022-02-12,quantile,0.025,22,25660
643,2022-01-30,2 wk ahead inc case,2022-02-12,quantile,0.1,22,28061
644,2022-01-30,2 wk ahead inc case,2022-02-12,quantile,0.5,22,37236
645,2022-01-30,2 wk ahead inc case,2022-02-12,quantile,0.75,22,41914
646,2022-01-30,2 wk ahead inc case,2022-02-12,quantile,0.9,22,46313
647,2022-01-30,2 wk ahead inc case,2022-02-12,quantile,0.975,22,51734
648,2022-01-30,3 wk ahead inc case,2022-02-19,quantile,0.025,22,21628
649,2022-01-30,3 wk ahead inc case,2022-02-19,quantile,0.1,22,26243
650,2022-01-30,3 wk ahead inc case,2022-02-19,quantile,0.5,22,35975
651,2022-01-30,3 wk ahead inc case,2022-02-19,quantile,0.75,22,40891
652,2022-01-30,3 wk ahead inc case,2022-02-19,quantile,0.9,22,45771
653,2022-01-30,3 wk ahead inc case,2022-02-19,quantile,0.975,22,51302
654,2022-01-30,4 wk ahead inc case,2022-02-26,quantile,0.025,22,18886
655,2022-01-30,4 wk ahead inc case,2022-02-26,quantile,0.1,22,22967
656,2022-01-30,4 wk ahead inc case,2022-02-26,quantile,0.5,22,31193
657,2022-01-30,4 wk ahead inc case,2022-02-26,quantile,0.75,22,36121
658,2022-01-30,4 wk ahead inc case,2022-02-26,quantile,0.9,22,40570
659,2022-01-30,4 wk ahead inc case,2022-02-26,quantile,0.975,22,44234
660,2022-01-30,1 wk ahead inc case,2022-02-05,quantile,0.025,23,2996
661,2022-01-30,1 wk ahead inc case,2022-02-05,quantile,0.1,23,3683
662,2022-01-30,1 wk ahead inc case,2022-02-05,quantile,0.5,23,5262
663,2022-01-30,1 wk ahead inc case,2022-02-05,quantile,0.75,23,6026
664,2022-01-30,1 wk ahead inc case,2022-02-05,quantile,0.9,23,6714
665,2022-01-30,1 wk ahead inc case,2022-02-05,quantile,0.975,23,7499
666,2022-01-30,2 wk ahead inc case,2022-02-12,quantile,0.025,23,1960
667,2022-01-30,2 wk ahead inc case,2022-02-12,quantile,0.1,23,2725
668,2022-01-30,2 wk ahead inc case,2022-02-12,quantile,0.5,23,4731
669,2022-01-30,2 wk ahead inc case,2022-02-12,quantile,0.75,23,5725
670,2022-01-30,2 wk ahead inc case,2022-02-12,quantile,0.9,23,6573
671,2022-01-30,2 wk ahead inc case,2022-02-12,quantile,0.975,23,7813
672,2022-01-30,3 wk ahead inc case,2022-02-19,quantile,0.025,23,480
673,2022-01-30,3 wk ahead inc case,2022-02-19,quantile,0.1,23,2197
674,2022-01-30,3 wk ahead inc case,2022-02-19,quantile,0.5,23,4266
675,2022-01-30,3 wk ahead inc case,2022-02-19,quantile,0.75,23,5567
676,2022-01-30,3 wk ahead inc case,2022-02-19,quantile,0.9,23,6685
677,2022-01-30,3 wk ahead inc case,2022-02-19,quantile,0.975,23,8118
678,2022-01-30,4 wk ahead inc case,2022-02-26,quantile,0.025,23,501
679,2022-01-30,4 wk ahead inc case,2022-02-26,quantile,0.1,23,1529
680,2022-01-30,4 wk ahead inc case,2022-02-26,quantile,0.5,23,4345
681,2022-01-30,4 wk ahead inc case,2022-02-26,quantile,0.75,23,6047
682,2022-01-30,4 wk ahead inc case,2022-02-26,quantile,0.9,23,8015
683,2022-01-30,4 wk ahead inc case,2022-02-26,quantile,0.975,23,9467
684,2022-01-30,1 wk ahead inc case,2022-02-05,quantile,0.025,24,9261
685,2022-01-30,1 wk ahead inc case,2022-02-05,quantile,0.1,24,13185
686,2022-01-30,1 wk ahead inc case,2022-02-05,quantile,0.5,24,21299
687,2022-01-30,1 wk ahead inc case,2022-02-05,quantile,0.75,24,25994
688,2022-01-30,1 wk ahead inc case,2022-02-05,quantile,0.9,24,29435
689,2022-01-30,1 wk ahead inc case,2022-02-05,quantile,0.975,24,34274
690,2022-01-30,2 wk ahead inc case,2022-02-12,quantile,0.025,24,7872
691,2022-01-30,2 wk ahead inc case,2022-02-12,quantile,0.1,24,12030
692,2022-01-30,2 wk ahead inc case,2022-02-12,quantile,0.5,24,20383
693,2022-01-30,2 wk ahead inc case,2022-02-12,quantile,0.75,24,25039
694,2022-01-30,2 wk ahead inc case,2022-02-12,quantile,0.9,24,30465
695,2022-01-30,2 wk ahead inc case,2022-02-12,quantile,0.975,24,35153
696,2022-01-30,3 wk ahead inc case,2022-02-19,quantile,0.025,24,6286
697,2022-01-30,3 wk ahead inc case,2022-02-19,quantile,0.1,24,11976
698,2022-01-30,3 wk ahead inc case,2022-02-19,quantile,0.5,24,20763
699,2022-01-30,3 wk ahead inc case,2022-02-19,quantile,0.75,24,26810
700,2022-01-30,3 wk ahead inc case,2022-02-19,quantile,0.9,24,32174
701,2022-01-30,3 wk ahead inc case,2022-02-19,quantile,0.975,24,38595
702,2022-01-30,4 wk ahead inc case,2022-02-26,quantile,0.025,24,3964
703,2022-01-30,4 wk ahead inc case,2022-02-26,quantile,0.1,24,8768
704,2022-01-30,4 wk ahead inc case,2022-02-26,quantile,0.5,24,17670
705,2022-01-30,4 wk ahead inc case,2022-02-26,quantile,0.75,24,21575
706,2022-01-30,4 wk ahead inc case,2022-02-26,quantile,0.9,24,25213
707,2022-01-30,4 wk ahead inc case,2022-02-26,quantile,0.975,24,28957
708,2022-01-30,1 wk ahead inc case,2022-02-05,quantile,0.025,25,35231
709,2022-01-30,1 wk ahead inc case,2022-02-05,quantile,0.1,25,39109
710,2022-01-30,1 wk ahead inc case,2022-02-05,quantile,0.5,25,47628
711,2022-01-30,1 wk ahead inc case,2022-02-05,quantile,0.75,25,52365
712,2022-01-30,1 wk ahead inc case,2022-02-05,quantile,0.9,25,56419
713,2022-01-30,1 wk ahead inc case,2022-02-05,quantile,0.975,25,60804
714,2022-01-30,2 wk ahead inc case,2022-02-12,quantile,0.025,25,19139
715,2022-01-30,2 wk ahead inc case,2022-02-12,quantile,0.1,25,26063
716,2022-01-30,2 wk ahead inc case,2022-02-12,quantile,0.5,25,37540
717,2022-01-30,2 wk ahead inc case,2022-02-12,quantile,0.75,25,44203
718,2022-01-30,2 wk ahead inc case,2022-02-12,quantile,0.9,25,51929
719,2022-01-30,2 wk ahead inc case,2022-02-12,quantile,0.975,25,58493
720,2022-01-30,3 wk ahead inc case,2022-02-19,quantile,0.025,25,12882
721,2022-01-30,3 wk ahead inc case,2022-02-19,quantile,0.1,25,19613
722,2022-01-30,3 wk ahead inc case,2022-02-19,quantile,0.5,25,37638
723,2022-01-30,3 wk ahead inc case,2022-02-19,quantile,0.75,25,47319
724,2022-01-30,3 wk ahead inc case,2022-02-19,quantile,0.9,25,55969
725,2022-01-30,3 wk ahead inc case,2022-02-19,quantile,0.975,25,68831
726,2022-01-30,4 wk ahead inc case,2022-02-26,quantile,0.025,25,10116
727,2022-01-30,4 wk ahead inc case,2022-02-26,quantile,0.1,25,18486
728,2022-01-30,4 wk ahead inc case,2022-02-26,quantile,0.5,25,33907
729,2022-01-30,4 wk ahead inc case,2022-02-26,quantile,0.75,25,43674
730,2022-01-30,4 wk ahead inc case,2022-02-26,quantile,0.9,25,53793
731,2022-01-30,4 wk ahead inc case,2022-02-26,quantile,0.975,25,70201
732,2022-01-30,1 wk ahead inc case,2022-02-05,quantile,0.025,26,84297
733,2022-01-30,1 wk ahead inc case,2022-02-05,quantile,0.1,26,93246
734,2022-01-30,1 wk ahead inc case,2022-02-05,quantile,0.5,26,108799
735,2022-01-30,1 wk ahead inc case,2022-02-05,quantile,0.75,26,120715
736,2022-01-30,1 wk ahead inc case,2022-02-05,quantile,0.9,26,130833
737,2022-01-30,1 wk ahead inc case,2022-02-05,quantile,0.975,26,137276
738,2022-01-30,2 wk ahead inc case,2022-02-12,quantile,0.025,26,69759
739,2022-01-30,2 wk ahead inc case,2022-02-12,quantile,0.1,26,79204
740,2022-01-30,2 wk ahead inc case,2022-02-12,quantile,0.5,26,100195
741,2022-01-30,2 wk ahead inc case,2022-02-12,quantile,0.75,26,114023
742,2022-01-30,2 wk ahead inc case,2022-02-12,quantile,0.9,26,124205
743,2022-01-30,2 wk ahead inc case,2022-02-12,quantile,0.975,26,135542
744,2022-01-30,3 wk ahead inc case,2022-02-19,quantile,0.025,26,59448
745,2022-01-30,3 wk ahead inc case,2022-02-19,quantile,0.1,26,68816
746,2022-01-30,3 wk ahead inc case,2022-02-19,quantile,0.5,26,94147
747,2022-01-30,3 wk ahead inc case,2022-02-19,quantile,0.75,26,108399
748,2022-01-30,3 wk ahead inc case,2022-02-19,quantile,0.9,26,116781
749,2022-01-30,3 wk ahead inc case,2022-02-19,quantile,0.975,26,133699
750,2022-01-30,4 wk ahead inc case,2022-02-26,quantile,0.025,26,53634
751,2022-01-30,4 wk ahead inc case,2022-02-26,quantile,0.1,26,66702
752,2022-01-30,4 wk ahead inc case,2022-02-26,quantile,0.5,26,90344
753,2022-01-30,4 wk ahead inc case,2022-02-26,quantile,0.75,26,104561
754,2022-01-30,4 wk ahead inc case,2022-02-26,quantile,0.9,26,118210
755,2022-01-30,4 wk ahead inc case,2022-02-26,quantile,0.975,26,134357
756,2022-01-30,1 wk ahead inc case,2022-02-05,quantile,0.025,27,54613
757,2022-01-30,1 wk ahead inc case,2022-02-05,quantile,0.1,27,62367
758,2022-01-30,1 wk ahead inc case,2022-02-05,quantile,0.5,27,74516
759,2022-01-30,1 wk ahead inc case,2022-02-05,quantile,0.75,27,79576
760,2022-01-30,1 wk ahead inc case,2022-02-05,quantile,0.9,27,84494
761,2022-01-30,1 wk ahead inc case,2022-02-05,quantile,0.975,27,91598
762,2022-01-30,2 wk ahead inc case,2022-02-12,quantile,0.025,27,34599
763,2022-01-30,2 wk ahead inc case,2022-02-12,quantile,0.1,27,41492
764,2022-01-30,2 wk ahead inc case,2022-02-12,quantile,0.5,27,55779
765,2022-01-30,2 wk ahead inc case,2022-02-12,quantile,0.75,27,62558
766,2022-01-30,2 wk ahead inc case,2022-02-12,quantile,0.9,27,69542
767,2022-01-30,2 wk ahead inc case,2022-02-12,quantile,0.975,27,76374
768,2022-01-30,3 wk ahead inc case,2022-02-19,quantile,0.025,27,20360
769,2022-01-30,3 wk ahead inc case,2022-02-19,quantile,0.1,27,28617
770,2022-01-30,3 wk ahead inc case,2022-02-19,quantile,0.5,27,41824
771,2022-01-30,3 wk ahead inc case,2022-02-19,quantile,0.75,27,50164
772,2022-01-30,3 wk ahead inc case,2022-02-19,quantile,0.9,27,57256
773,2022-01-30,3 wk ahead inc case,2022-02-19,quantile,0.975,27,66544
774,2022-01-30,4 wk ahead inc case,2022-02-26,quantile,0.025,27,16459
775,2022-01-30,4 wk ahead inc case,2022-02-26,quantile,0.1,27,23716
776,2022-01-30,4 wk ahead inc case,2022-02-26,quantile,0.5,27,37975
777,2022-01-30,4 wk ahead inc case,2022-02-26,quantile,0.75,27,46557
778,2022-01-30,4 wk ahead inc case,2022-02-26,quantile,0.9,27,51870
779,2022-01-30,4 wk ahead inc case,2022-02-26,quantile,0.975,27,61802
780,2022-01-30,1 wk ahead inc case,2022-02-05,quantile,0.025,28,24691
781,2022-01-30,1 wk ahead inc case,2022-02-05,quantile,0.1,28,27066
782,2022-01-30,1 wk ahead inc case,2022-02-05,quantile,0.5,28,32135
783,2022-01-30,1 wk ahead inc case,2022-02-05,quantile,0.75,28,35071
784,2022-01-30,1 wk ahead inc case,2022-02-05,quantile,0.9,28,37283
785,2022-01-30,1 wk ahead inc case,2022-02-05,quantile,0.975,28,41459
786,2022-01-30,2 wk ahead inc case,2022-02-12,quantile,0.025,28,18638
787,2022-01-30,2 wk ahead inc case,2022-02-12,quantile,0.1,28,20666
788,2022-01-30,2 wk ahead inc case,2022-02-12,quantile,0.5,28,25932
789,2022-01-30,2 wk ahead inc case,2022-02-12,quantile,0.75,28,29071
790,2022-01-30,2 wk ahead inc case,2022-02-12,quantile,0.9,28,31949
791,2022-01-30,2 wk ahead inc case,2022-02-12,quantile,0.975,28,33772
792,2022-01-30,3 wk ahead inc case,2022-02-19,quantile,0.025,28,16066
793,2022-01-30,3 wk ahead inc case,2022-02-19,quantile,0.1,28,17870
794,2022-01-30,3 wk ahead inc case,2022-02-19,quantile,0.5,28,24613
795,2022-01-30,3 wk ahead inc case,2022-02-19,quantile,0.75,28,27949
796,2022-01-30,3 wk ahead inc case,2022-02-19,quantile,0.9,28,31057
797,2022-01-30,3 wk ahead inc case,2022-02-19,quantile,0.975,28,34470
798,2022-01-30,4 wk ahead inc case,2022-02-26,quantile,0.025,28,13426
799,2022-01-30,4 wk ahead inc case,2022-02-26,quantile,0.1,28,16833
800,2022-01-30,4 wk ahead inc case,2022-02-26,quantile,0.5,28,23009
801,2022-01-30,4 wk ahead inc case,2022-02-26,quantile,0.75,28,26761
802,2022-01-30,4 wk ahead inc case,2022-02-26,quantile,0.9,28,30086
803,2022-01-30,4 wk ahead inc case,2022-02-26,quantile,0.975,28,34951
804,2022-01-30,1 wk ahead inc case,2022-02-05,quantile,0.025,29,41445
805,2022-01-30,1 wk ahead inc case,2022-02-05,quantile,0.1,29,45478
806,2022-01-30,1 wk ahead inc case,2022-02-05,quantile,0.5,29,52620
807,2022-01-30,1 wk ahead inc case,2022-02-05,quantile,0.75,29,56953
808,2022-01-30,1 wk ahead inc case,2022-02-05,quantile,0.9,29,61832
809,2022-01-30,1 wk ahead inc case,2022-02-05,quantile,0.975,29,68214
810,2022-01-30,2 wk ahead inc case,2022-02-12,quantile,0.025,29,28397
811,2022-01-30,2 wk ahead inc case,2022-02-12,quantile,0.1,29,33279
812,2022-01-30,2 wk ahead inc case,2022-02-12,quantile,0.5,29,41781
813,2022-01-30,2 wk ahead inc case,2022-02-12,quantile,0.75,29,47140
814,2022-01-30,2 wk ahead inc case,2022-02-12,quantile,0.9,29,51790
815,2022-01-30,2 wk ahead inc case,2022-02-12,quantile,0.975,29,59808
816,2022-01-30,3 wk ahead inc case,2022-02-19,quantile,0.025,29,22954
817,2022-01-30,3 wk ahead inc case,2022-02-19,quantile,0.1,29,26878
818,2022-01-30,3 wk ahead inc case,2022-02-19,quantile,0.5,29,36282
819,2022-01-30,3 wk ahead inc case,2022-02-19,quantile,0.75,29,41534
820,2022-01-30,3 wk ahead inc case,2022-02-19,quantile,0.9,29,48426
821,2022-01-30,3 wk ahead inc case,2022-02-19,quantile,0.975,29,54420
822,2022-01-30,4 wk ahead inc case,2022-02-26,quantile,0.025,29,21321
823,2022-01-30,4 wk ahead inc case,2022-02-26,quantile,0.1,29,26631
824,2022-01-30,4 wk ahead inc case,2022-02-26,quantile,0.5,29,35834
825,2022-01-30,4 wk ahead inc case,2022-02-26,quantile,0.75,29,41034
826,2022-01-30,4 wk ahead inc case,2022-02-26,quantile,0.9,29,46847
827,2022-01-30,4 wk ahead inc case,2022-02-26,quantile,0.975,29,52589
828,2022-01-30,1 wk ahead inc case,2022-02-05,quantile,0.025,30,13617
829,2022-01-30,1 wk ahead inc case,2022-02-05,quantile,0.1,30,14787
830,2022-01-30,1 wk ahead inc case,2022-02-05,quantile,0.5,30,17116
831,2022-01-30,1 wk ahead inc case,2022-02-05,quantile,0.75,30,18550
832,2022-01-30,1 wk ahead inc case,2022-02-05,quantile,0.9,30,19824
833,2022-01-30,1 wk ahead inc case,2022-02-05,quantile,0.975,30,21325
834,2022-01-30,2 wk ahead inc case,2022-02-12,quantile,0.025,30,11724
835,2022-01-30,2 wk ahead inc case,2022-02-12,quantile,0.1,30,12803
836,2022-01-30,2 wk ahead inc case,2022-02-12,quantile,0.5,30,15943
837,2022-01-30,2 wk ahead inc case,2022-02-12,quantile,0.75,30,17595
838,2022-01-30,2 wk ahead inc case,2022-02-12,quantile,0.9,30,19307
839,2022-01-30,2 wk ahead inc case,2022-02-12,quantile,0.975,30,21518
840,2022-01-30,3 wk ahead inc case,2022-02-19,quantile,0.025,30,8995
841,2022-01-30,3 wk ahead inc case,2022-02-19,quantile,0.1,30,10067
842,2022-01-30,3 wk ahead inc case,2022-02-19,quantile,0.5,30,12931
843,2022-01-30,3 wk ahead inc case,2022-02-19,quantile,0.75,30,14430
844,2022-01-30,3 wk ahead inc case,2022-02-19,quantile,0.9,30,15742
845,2022-01-30,3 wk ahead inc case,2022-02-19,quantile,0.975,30,18086
846,2022-01-30,4 wk ahead inc case,2022-02-26,quantile,0.025,30,7009
847,2022-01-30,4 wk ahead inc case,2022-02-26,quantile,0.1,30,7864
848,2022-01-30,4 wk ahead inc case,2022-02-26,quantile,0.5,30,10628
849,2022-01-30,4 wk ahead inc case,2022-02-26,quantile,0.75,30,12256
850,2022-01-30,4 wk ahead inc case,2022-02-26,quantile,0.9,30,13864
851,2022-01-30,4 wk ahead inc case,2022-02-26,quantile,0.975,30,15891
852,2022-01-30,1 wk ahead inc case,2022-02-05,quantile,0.025,31,16623
853,2022-01-30,1 wk ahead inc case,2022-02-05,quantile,0.1,31,18178
854,2022-01-30,1 wk ahead inc case,2022-02-05,quantile,0.5,31,20828
855,2022-01-30,1 wk ahead inc case,2022-02-05,quantile,0.75,31,22709
856,2022-01-30,1 wk ahead inc case,2022-02-05,quantile,0.9,31,24134
857,2022-01-30,1 wk ahead inc case,2022-02-05,quantile,0.975,31,26374
858,2022-01-30,2 wk ahead inc case,2022-02-12,quantile,0.025,31,13031
859,2022-01-30,2 wk ahead inc case,2022-02-12,quantile,0.1,31,14069
860,2022-01-30,2 wk ahead inc case,2022-02-12,quantile,0.5,31,17454
861,2022-01-30,2 wk ahead inc case,2022-02-12,quantile,0.75,31,19640
862,2022-01-30,2 wk ahead inc case,2022-02-12,quantile,0.9,31,21607
863,2022-01-30,2 wk ahead inc case,2022-02-12,quantile,0.975,31,22997
864,2022-01-30,3 wk ahead inc case,2022-02-19,quantile,0.025,31,10303
865,2022-01-30,3 wk ahead inc case,2022-02-19,quantile,0.1,31,11756
866,2022-01-30,3 wk ahead inc case,2022-02-19,quantile,0.5,31,15572
867,2022-01-30,3 wk ahead inc case,2022-02-19,quantile,0.75,31,17837
868,2022-01-30,3 wk ahead inc case,2022-02-19,quantile,0.9,31,19970
869,2022-01-30,3 wk ahead inc case,2022-02-19,quantile,0.975,31,21315
870,2022-01-30,4 wk ahead inc case,2022-02-26,quantile,0.025,31,8046
871,2022-01-30,4 wk ahead inc case,2022-02-26,quantile,0.1,31,11619
872,2022-01-30,4 wk ahead inc case,2022-02-26,quantile,0.5,31,14968
873,2022-01-30,4 wk ahead inc case,2022-02-26,quantile,0.75,31,16935
874,2022-01-30,4 wk ahead inc case,2022-02-26,quantile,0.9,31,19342
875,2022-01-30,4 wk ahead inc case,2022-02-26,quantile,0.975,31,21847
876,2022-01-30,1 wk ahead inc case,2022-02-05,quantile,0.025,32,23601
877,2022-01-30,1 wk ahead inc case,2022-02-05,quantile,0.1,32,24888
878,2022-01-30,1 wk ahead inc case,2022-02-05,quantile,0.5,32,29109
879,2022-01-30,1 wk ahead inc case,2022-02-05,quantile,0.75,32,31860
880,2022-01-30,1 wk ahead inc case,2022-02-05,quantile,0.9,32,33810
881,2022-01-30,1 wk ahead inc case,2022-02-05,quantile,0.975,32,35993
882,2022-01-30,2 wk ahead inc case,2022-02-12,quantile,0.025,32,14506
883,2022-01-30,2 wk ahead inc case,2022-02-12,quantile,0.1,32,16957
884,2022-01-30,2 wk ahead inc case,2022-02-12,quantile,0.5,32,22383
885,2022-01-30,2 wk ahead inc case,2022-02-12,quantile,0.75,32,25461
886,2022-01-30,2 wk ahead inc case,2022-02-12,quantile,0.9,32,28418
887,2022-01-30,2 wk ahead inc case,2022-02-12,quantile,0.975,32,31709
888,2022-01-30,3 wk ahead inc case,2022-02-19,quantile,0.025,32,11240
889,2022-01-30,3 wk ahead inc case,2022-02-19,quantile,0.1,32,13501
890,2022-01-30,3 wk ahead inc case,2022-02-19,quantile,0.5,32,19451
891,2022-01-30,3 wk ahead inc case,2022-02-19,quantile,0.75,32,23172
892,2022-01-30,3 wk ahead inc case,2022-02-19,quantile,0.9,32,26878
893,2022-01-30,3 wk ahead inc case,2022-02-19,quantile,0.975,32,30678
894,2022-01-30,4 wk ahead inc case,2022-02-26,quantile,0.025,32,9869
895,2022-01-30,4 wk ahead inc case,2022-02-26,quantile,0.1,32,14317
896,2022-01-30,4 wk ahead inc case,2022-02-26,quantile,0.5,32,21052
897,2022-01-30,4 wk ahead inc case,2022-02-26,quantile,0.75,32,26272
898,2022-01-30,4 wk ahead inc case,2022-02-26,quantile,0.9,32,30551
899,2022-01-30,4 wk ahead inc case,2022-02-26,quantile,0.975,32,35300
900,2022-01-30,1 wk ahead inc case,2022-02-05,quantile,0.025,33,8981
901,2022-01-30,1 wk ahead inc case,2022-02-05,quantile,0.1,33,9799
902,2022-01-30,1 wk ahead inc case,2022-02-05,quantile,0.5,33,11796
903,2022-01-30,1 wk ahead inc case,2022-02-05,quantile,0.75,33,12880
904,2022-01-30,1 wk ahead inc case,2022-02-05,quantile,0.9,33,13804
905,2022-01-30,1 wk ahead inc case,2022-02-05,quantile,0.975,33,15275
906,2022-01-30,2 wk ahead inc case,2022-02-12,quantile,0.025,33,5194
907,2022-01-30,2 wk ahead inc case,2022-02-12,quantile,0.1,33,6294
908,2022-01-30,2 wk ahead inc case,2022-02-12,quantile,0.5,33,8671
909,2022-01-30,2 wk ahead inc case,2022-02-12,quantile,0.75,33,10046
910,2022-01-30,2 wk ahead inc case,2022-02-12,quantile,0.9,33,11468
911,2022-01-30,2 wk ahead inc case,2022-02-12,quantile,0.975,33,13510
912,2022-01-30,3 wk ahead inc case,2022-02-19,quantile,0.025,33,3855
913,2022-01-30,3 wk ahead inc case,2022-02-19,quantile,0.1,33,4684
914,2022-01-30,3 wk ahead inc case,2022-02-19,quantile,0.5,33,7933
915,2022-01-30,3 wk ahead inc case,2022-02-19,quantile,0.75,33,9896
916,2022-01-30,3 wk ahead inc case,2022-02-19,quantile,0.9,33,11328
917,2022-01-30,3 wk ahead inc case,2022-02-19,quantile,0.975,33,12861
918,2022-01-30,4 wk ahead inc case,2022-02-26,quantile,0.025,33,3934
919,2022-01-30,4 wk ahead inc case,2022-02-26,quantile,0.1,33,5262
920,2022-01-30,4 wk ahead inc case,2022-02-26,quantile,0.5,33,8714
921,2022-01-30,4 wk ahead inc case,2022-02-26,quantile,0.75,33,10778
922,2022-01-30,4 wk ahead inc case,2022-02-26,quantile,0.9,33,12154
923,2022-01-30,4 wk ahead inc case,2022-02-26,quantile,0.975,33,13550
924,2022-01-30,1 wk ahead inc case,2022-02-05,quantile,0.025,34,20752
925,2022-01-30,1 wk ahead inc case,2022-02-05,quantile,0.1,34,26169
926,2022-01-30,1 wk ahead inc case,2022-02-05,quantile,0.5,34,37962
927,2022-01-30,1 wk ahead inc case,2022-02-05,quantile,0.75,34,43858
928,2022-01-30,1 wk ahead inc case,2022-02-05,quantile,0.9,34,49694
929,2022-01-30,1 wk ahead inc case,2022-02-05,quantile,0.975,34,56671
930,2022-01-30,2 wk ahead inc case,2022-02-12,quantile,0.025,34,13580
931,2022-01-30,2 wk ahead inc case,2022-02-12,quantile,0.1,34,22426
932,2022-01-30,2 wk ahead inc case,2022-02-12,quantile,0.5,34,43258
933,2022-01-30,2 wk ahead inc case,2022-02-12,quantile,0.75,34,52704
934,2022-01-30,2 wk ahead inc case,2022-02-12,quantile,0.9,34,62403
935,2022-01-30,2 wk ahead inc case,2022-02-12,quantile,0.975,34,76371
936,2022-01-30,3 wk ahead inc case,2022-02-19,quantile,0.025,34,15613
937,2022-01-30,3 wk ahead inc case,2022-02-19,quantile,0.1,34,24857
938,2022-01-30,3 wk ahead inc case,2022-02-19,quantile,0.5,34,42844
939,2022-01-30,3 wk ahead inc case,2022-02-19,quantile,0.75,34,53938
940,2022-01-30,3 wk ahead inc case,2022-02-19,quantile,0.9,34,64654
941,2022-01-30,3 wk ahead inc case,2022-02-19,quantile,0.975,34,71062
942,2022-01-30,4 wk ahead inc case,2022-02-26,quantile,0.025,34,12835
943,2022-01-30,4 wk ahead inc case,2022-02-26,quantile,0.1,34,20006
944,2022-01-30,4 wk ahead inc case,2022-02-26,quantile,0.5,34,35739
945,2022-01-30,4 wk ahead inc case,2022-02-26,quantile,0.75,34,44306
946,2022-01-30,4 wk ahead inc case,2022-02-26,quantile,0.9,34,53435
947,2022-01-30,4 wk ahead inc case,2022-02-26,quantile,0.975,34,63239
948,2022-01-30,1 wk ahead inc case,2022-02-05,quantile,0.025,35,24304
949,2022-01-30,1 wk ahead inc case,2022-02-05,quantile,0.1,35,26171
950,2022-01-30,1 wk ahead inc case,2022-02-05,quantile,0.5,35,30790
951,2022-01-30,1 wk ahead inc case,2022-02-05,quantile,0.75,35,33024
952,2022-01-30,1 wk ahead inc case,2022-02-05,quantile,0.9,35,34915
953,2022-01-30,1 wk ahead inc case,2022-02-05,quantile,0.975,35,36549
954,2022-01-30,2 wk ahead inc case,2022-02-12,quantile,0.025,35,16100
955,2022-01-30,2 wk ahead inc case,2022-02-12,quantile,0.1,35,18050
956,2022-01-30,2 wk ahead inc case,2022-02-12,quantile,0.5,35,23282
957,2022-01-30,2 wk ahead inc case,2022-02-12,quantile,0.75,35,25640
958,2022-01-30,2 wk ahead inc case,2022-02-12,quantile,0.9,35,28747
959,2022-01-30,2 wk ahead inc case,2022-02-12,quantile,0.975,35,32085
960,2022-01-30,3 wk ahead inc case,2022-02-19,quantile,0.025,35,10708
961,2022-01-30,3 wk ahead inc case,2022-02-19,quantile,0.1,35,12614
962,2022-01-30,3 wk ahead inc case,2022-02-19,quantile,0.5,35,17340
963,2022-01-30,3 wk ahead inc case,2022-02-19,quantile,0.75,35,20431
964,2022-01-30,3 wk ahead inc case,2022-02-19,quantile,0.9,35,23572
965,2022-01-30,3 wk ahead inc case,2022-02-19,quantile,0.975,35,27054
966,2022-01-30,4 wk ahead inc case,2022-02-26,quantile,0.025,35,6316
967,2022-01-30,4 wk ahead inc case,2022-02-26,quantile,0.1,35,8890
968,2022-01-30,4 wk ahead inc case,2022-02-26,quantile,0.5,35,14683
969,2022-01-30,4 wk ahead inc case,2022-02-26,quantile,0.75,35,17935
970,2022-01-30,4 wk ahead inc case,2022-02-26,quantile,0.9,35,20327
971,2022-01-30,4 wk ahead inc case,2022-02-26,quantile,0.975,35,23424
972,2022-01-30,1 wk ahead inc case,2022-02-05,quantile,0.025,36,64117
973,2022-01-30,1 wk ahead inc case,2022-02-05,quantile,0.1,36,76257
974,2022-01-30,1 wk ahead inc case,2022-02-05,quantile,0.5,36,98936
975,2022-01-30,1 wk ahead inc case,2022-02-05,quantile,0.75,36,110582
976,2022-01-30,1 wk ahead inc case,2022-02-05,quantile,0.9,36,121889
977,2022-01-30,1 wk ahead inc case,2022-02-05,quantile,0.975,36,133770
978,2022-01-30,2 wk ahead inc case,2022-02-12,quantile,0.025,36,40121
979,2022-01-30,2 wk ahead inc case,2022-02-12,quantile,0.1,36,56540
980,2022-01-30,2 wk ahead inc case,2022-02-12,quantile,0.5,36,90437
981,2022-01-30,2 wk ahead inc case,2022-02-12,quantile,0.75,36,112311
982,2022-01-30,2 wk ahead inc case,2022-02-12,quantile,0.9,36,131443
983,2022-01-30,2 wk ahead inc case,2022-02-12,quantile,0.975,36,154891
984,2022-01-30,3 wk ahead inc case,2022-02-19,quantile,0.025,36,31647
985,2022-01-30,3 wk ahead inc case,2022-02-19,quantile,0.1,36,47620
986,2022-01-30,3 wk ahead inc case,2022-02-19,quantile,0.5,36,81556
987,2022-01-30,3 wk ahead inc case,2022-02-19,quantile,0.75,36,98322
988,2022-01-30,3 wk ahead inc case,2022-02-19,quantile,0.9,36,121466
989,2022-01-30,3 wk ahead inc case,2022-02-19,quantile,0.975,36,151255
990,2022-01-30,4 wk ahead inc case,2022-02-26,quantile,0.025,36,29957
991,2022-01-30,4 wk ahead inc case,2022-02-26,quantile,0.1,36,50093
992,2022-01-30,4 wk ahead inc case,2022-02-26,quantile,0.5,36,80793
993,2022-01-30,4 wk ahead inc case,2022-02-26,quantile,0.75,36,96955
994,2022-01-30,4 wk ahead inc case,2022-02-26,quantile,0.9,36,119275
995,2022-01-30,4 wk ahead inc case,2022-02-26,quantile,0.975,36,141618
996,2022-01-30,1 wk ahead inc case,2022-02-05,quantile,0.025,37,108055
997,2022-01-30,1 wk ahead inc case,2022-02-05,quantile,0.1,37,118561
998,2022-01-30,1 wk ahead inc case,2022-02-05,quantile,0.5,37,139099
999,2022-01-30,1 wk ahead inc case,2022-02-05,quantile,0.75,37,152651
1000,2022-01-30,1 wk ahead inc case,2022-02-05,quantile,0.9,37,161030
1001,2022-01-30,1 wk ahead inc case,2022-02-05,quantile,0.975,37,173506
1002,2022-01-30,2 wk ahead inc case,2022-02-12,quantile,0.025,37,66390
1003,2022-01-30,2 wk ahead inc case,2022-02-12,quantile,0.1,37,76412
1004,2022-01-30,2 wk ahead inc case,2022-02-12,quantile,0.5,37,102330
1005,2022-01-30,2 wk ahead inc case,2022-02-12,quantile,0.75,37,115824
1006,2022-01-30,2 wk ahead inc case,2022-02-12,quantile,0.9,37,126640
1007,2022-01-30,2 wk ahead inc case,2022-02-12,quantile,0.975,37,138699
1008,2022-01-30,3 wk ahead inc case,2022-02-19,quantile,0.025,37,40582
1009,2022-01-30,3 wk ahead inc case,2022-02-19,quantile,0.1,37,54724
1010,2022-01-30,3 wk ahead inc case,2022-02-19,quantile,0.5,37,78811
1011,2022-01-30,3 wk ahead inc case,2022-02-19,quantile,0.75,37,92284
1012,2022-01-30,3 wk ahead inc case,2022-02-19,quantile,0.9,37,105258
1013,2022-01-30,3 wk ahead inc case,2022-02-19,quantile,0.975,37,114209
1014,2022-01-30,4 wk ahead inc case,2022-02-26,quantile,0.025,37,40697
1015,2022-01-30,4 wk ahead inc case,2022-02-26,quantile,0.1,37,50859
1016,2022-01-30,4 wk ahead inc case,2022-02-26,quantile,0.5,37,73201
1017,2022-01-30,4 wk ahead inc case,2022-02-26,quantile,0.75,37,84788
1018,2022-01-30,4 wk ahead inc case,2022-02-26,quantile,0.9,37,100513
1019,2022-01-30,4 wk ahead inc case,2022-02-26,quantile,0.975,37,117563
1020,2022-01-30,1 wk ahead inc case,2022-02-05,quantile,0.025,38,8606
1021,2022-01-30,1 wk ahead inc case,2022-02-05,quantile,0.1,38,9491
1022,2022-01-30,1 wk ahead inc case,2022-02-05,quantile,0.5,38,11074
1023,2022-01-30,1 wk ahead inc case,2022-02-05,quantile,0.75,38,12197
1024,2022-01-30,1 wk ahead inc case,2022-02-05,quantile,0.9,38,12963
1025,2022-01-30,1 wk ahead inc case,2022-02-05,quantile,0.975,38,13867
1026,2022-01-30,2 wk ahead inc case,2022-02-12,quantile,0.025,38,6576
1027,2022-01-30,2 wk ahead inc case,2022-02-12,quantile,0.1,38,7339
1028,2022-01-30,2 wk ahead inc case,2022-02-12,quantile,0.5,38,8937
1029,2022-01-30,2 wk ahead inc case,2022-02-12,quantile,0.75,38,9905
1030,2022-01-30,2 wk ahead inc case,2022-02-12,quantile,0.9,38,10729
1031,2022-01-30,2 wk ahead inc case,2022-02-12,quantile,0.975,38,11583
1032,2022-01-30,3 wk ahead inc case,2022-02-19,quantile,0.025,38,5127
1033,2022-01-30,3 wk ahead inc case,2022-02-19,quantile,0.1,38,5956
1034,2022-01-30,3 wk ahead inc case,2022-02-19,quantile,0.5,38,7436
1035,2022-01-30,3 wk ahead inc case,2022-02-19,quantile,0.75,38,8393
1036,2022-01-30,3 wk ahead inc case,2022-02-19,quantile,0.9,38,9300
1037,2022-01-30,3 wk ahead inc case,2022-02-19,quantile,0.975,38,10000
1038,2022-01-30,4 wk ahead inc case,2022-02-26,quantile,0.025,38,4381
1039,2022-01-30,4 wk ahead inc case,2022-02-26,quantile,0.1,38,5087
1040,2022-01-30,4 wk ahead inc case,2022-02-26,quantile,0.5,38,6779
1041,2022-01-30,4 wk ahead inc case,2022-02-26,quantile,0.75,38,7933
1042,2022-01-30,4 wk ahead inc case,2022-02-26,quantile,0.9,38,8862
1043,2022-01-30,4 wk ahead inc case,2022-02-26,quantile,0.975,38,9744
1044,2022-01-30,1 wk ahead inc case,2022-02-05,quantile,0.025,39,52758
1045,2022-01-30,1 wk ahead inc case,2022-02-05,quantile,0.1,39,57486
1046,2022-01-30,1 wk ahead inc case,2022-02-05,quantile,0.5,39,71402
1047,2022-01-30,1 wk ahead inc case,2022-02-05,quantile,0.75,39,78125
1048,2022-01-30,1 wk ahead inc case,2022-02-05,quantile,0.9,39,83672
1049,2022-01-30,1 wk ahead inc case,2022-02-05,quantile,0.975,39,90824
1050,2022-01-30,2 wk ahead inc case,2022-02-12,quantile,0.025,39,42308
1051,2022-01-30,2 wk ahead inc case,2022-02-12,quantile,0.1,39,49490
1052,2022-01-30,2 wk ahead inc case,2022-02-12,quantile,0.5,39,64422
1053,2022-01-30,2 wk ahead inc case,2022-02-12,quantile,0.75,39,72991
1054,2022-01-30,2 wk ahead inc case,2022-02-12,quantile,0.9,39,81705
1055,2022-01-30,2 wk ahead inc case,2022-02-12,quantile,0.975,39,97585
1056,2022-01-30,3 wk ahead inc case,2022-02-19,quantile,0.025,39,45404
1057,2022-01-30,3 wk ahead inc case,2022-02-19,quantile,0.1,39,51402
1058,2022-01-30,3 wk ahead inc case,2022-02-19,quantile,0.5,39,65822
1059,2022-01-30,3 wk ahead inc case,2022-02-19,quantile,0.75,39,76836
1060,2022-01-30,3 wk ahead inc case,2022-02-19,quantile,0.9,39,89091
1061,2022-01-30,3 wk ahead inc case,2022-02-19,quantile,0.975,39,97887
1062,2022-01-30,4 wk ahead inc case,2022-02-26,quantile,0.025,39,34924
1063,2022-01-30,4 wk ahead inc case,2022-02-26,quantile,0.1,39,39935
1064,2022-01-30,4 wk ahead inc case,2022-02-26,quantile,0.5,39,53972
1065,2022-01-30,4 wk ahead inc case,2022-02-26,quantile,0.75,39,63198
1066,2022-01-30,4 wk ahead inc case,2022-02-26,quantile,0.9,39,71560
1067,2022-01-30,4 wk ahead inc case,2022-02-26,quantile,0.975,39,82565
1068,2022-01-30,1 wk ahead inc case,2022-02-05,quantile,0.025,40,43906
1069,2022-01-30,1 wk ahead inc case,2022-02-05,quantile,0.1,40,46772
1070,2022-01-30,1 wk ahead inc case,2022-02-05,quantile,0.5,40,55935
1071,2022-01-30,1 wk ahead inc case,2022-02-05,quantile,0.75,40,60437
1072,2022-01-30,1 wk ahead inc case,2022-02-05,quantile,0.9,40,64098
1073,2022-01-30,1 wk ahead inc case,2022-02-05,quantile,0.975,40,71681
1074,2022-01-30,2 wk ahead inc case,2022-02-12,quantile,0.025,40,27360
1075,2022-01-30,2 wk ahead inc case,2022-02-12,quantile,0.1,40,32098
1076,2022-01-30,2 wk ahead inc case,2022-02-12,quantile,0.5,40,39290
1077,2022-01-30,2 wk ahead inc case,2022-02-12,quantile,0.75,40,43177
1078,2022-01-30,2 wk ahead inc case,2022-02-12,quantile,0.9,40,48023
1079,2022-01-30,2 wk ahead inc case,2022-02-12,quantile,0.975,40,55337
1080,2022-01-30,3 wk ahead inc case,2022-02-19,quantile,0.025,40,22126
1081,2022-01-30,3 wk ahead inc case,2022-02-19,quantile,0.1,40,25669
1082,2022-01-30,3 wk ahead inc case,2022-02-19,quantile,0.5,40,31659
1083,2022-01-30,3 wk ahead inc case,2022-02-19,quantile,0.75,40,35774
1084,2022-01-30,3 wk ahead inc case,2022-02-19,quantile,0.9,40,40734
1085,2022-01-30,3 wk ahead inc case,2022-02-19,quantile,0.975,40,45088
1086,2022-01-30,4 wk ahead inc case,2022-02-26,quantile,0.025,40,20320
1087,2022-01-30,4 wk ahead inc case,2022-02-26,quantile,0.1,40,23915
1088,2022-01-30,4 wk ahead inc case,2022-02-26,quantile,0.5,40,31953
1089,2022-01-30,4 wk ahead inc case,2022-02-26,quantile,0.75,40,36651
1090,2022-01-30,4 wk ahead inc case,2022-02-26,quantile,0.9,40,41119
1091,2022-01-30,4 wk ahead inc case,2022-02-26,quantile,0.975,40,46261
1092,2022-01-30,1 wk ahead inc case,2022-02-05,quantile,0.025,41,31233
1093,2022-01-30,1 wk ahead inc case,2022-02-05,quantile,0.1,41,33391
1094,2022-01-30,1 wk ahead inc case,2022-02-05,quantile,0.5,41,39393
1095,2022-01-30,1 wk ahead inc case,2022-02-05,quantile,0.75,41,42029
1096,2022-01-30,1 wk ahead inc case,2022-02-05,quantile,0.9,41,44833
1097,2022-01-30,1 wk ahead inc case,2022-02-05,quantile,0.975,41,47935
1098,2022-01-30,2 wk ahead inc case,2022-02-12,quantile,0.025,41,19907
1099,2022-01-30,2 wk ahead inc case,2022-02-12,quantile,0.1,41,23860
1100,2022-01-30,2 wk ahead inc case,2022-02-12,quantile,0.5,41,31981
1101,2022-01-30,2 wk ahead inc case,2022-02-12,quantile,0.75,41,35881
1102,2022-01-30,2 wk ahead inc case,2022-02-12,quantile,0.9,41,39877
1103,2022-01-30,2 wk ahead inc case,2022-02-12,quantile,0.975,41,43828
1104,2022-01-30,3 wk ahead inc case,2022-02-19,quantile,0.025,41,13882
1105,2022-01-30,3 wk ahead inc case,2022-02-19,quantile,0.1,41,17298
1106,2022-01-30,3 wk ahead inc case,2022-02-19,quantile,0.5,41,24960
1107,2022-01-30,3 wk ahead inc case,2022-02-19,quantile,0.75,41,30207
1108,2022-01-30,3 wk ahead inc case,2022-02-19,quantile,0.9,41,34185
1109,2022-01-30,3 wk ahead inc case,2022-02-19,quantile,0.975,41,39270
1110,2022-01-30,4 wk ahead inc case,2022-02-26,quantile,0.025,41,10322
1111,2022-01-30,4 wk ahead inc case,2022-02-26,quantile,0.1,41,13933
1112,2022-01-30,4 wk ahead inc case,2022-02-26,quantile,0.5,41,21824
1113,2022-01-30,4 wk ahead inc case,2022-02-26,quantile,0.75,41,26449
1114,2022-01-30,4 wk ahead inc case,2022-02-26,quantile,0.9,41,31187
1115,2022-01-30,4 wk ahead inc case,2022-02-26,quantile,0.975,41,36959
1116,2022-01-30,1 wk ahead inc case,2022-02-05,quantile,0.025,42,55364
1117,2022-01-30,1 wk ahead inc case,2022-02-05,quantile,0.1,42,63668
1118,2022-01-30,1 wk ahead inc case,2022-02-05,quantile,0.5,42,78306
1119,2022-01-30,1 wk ahead inc case,2022-02-05,quantile,0.75,42,88854
1120,2022-01-30,1 wk ahead inc case,2022-02-05,quantile,0.9,42,97111
1121,2022-01-30,1 wk ahead inc case,2022-02-05,quantile,0.975,42,105372
1122,2022-01-30,2 wk ahead inc case,2022-02-12,quantile,0.025,42,45424
1123,2022-01-30,2 wk ahead inc case,2022-02-12,quantile,0.1,42,53655
1124,2022-01-30,2 wk ahead inc case,2022-02-12,quantile,0.5,42,75668
1125,2022-01-30,2 wk ahead inc case,2022-02-12,quantile,0.75,42,89001
1126,2022-01-30,2 wk ahead inc case,2022-02-12,quantile,0.9,42,101745
1127,2022-01-30,2 wk ahead inc case,2022-02-12,quantile,0.975,42,116006
1128,2022-01-30,3 wk ahead inc case,2022-02-19,quantile,0.025,42,37557
1129,2022-01-30,3 wk ahead inc case,2022-02-19,quantile,0.1,42,46917
1130,2022-01-30,3 wk ahead inc case,2022-02-19,quantile,0.5,42,66690
1131,2022-01-30,3 wk ahead inc case,2022-02-19,quantile,0.75,42,80213
1132,2022-01-30,3 wk ahead inc case,2022-02-19,quantile,0.9,42,90413
1133,2022-01-30,3 wk ahead inc case,2022-02-19,quantile,0.975,42,102872
1134,2022-01-30,4 wk ahead inc case,2022-02-26,quantile,0.025,42,30629
1135,2022-01-30,4 wk ahead inc case,2022-02-26,quantile,0.1,42,41402
1136,2022-01-30,4 wk ahead inc case,2022-02-26,quantile,0.5,42,64283
1137,2022-01-30,4 wk ahead inc case,2022-02-26,quantile,0.75,42,78548
1138,2022-01-30,4 wk ahead inc case,2022-02-26,quantile,0.9,42,90437
1139,2022-01-30,4 wk ahead inc case,2022-02-26,quantile,0.975,42,101278
1140,2022-01-30,1 wk ahead inc case,2022-02-05,quantile,0.025,44,6589
1141,2022-01-30,1 wk ahead inc case,2022-02-05,quantile,0.1,44,7607
1142,2022-01-30,1 wk ahead inc case,2022-02-05,quantile,0.5,44,9017
1143,2022-01-30,1 wk ahead inc case,2022-02-05,quantile,0.75,44,9973
1144,2022-01-30,1 wk ahead inc case,2022-02-05,quantile,0.9,44,10587
1145,2022-01-30,1 wk ahead inc case,2022-02-05,quantile,0.975,44,11737
1146,2022-01-30,2 wk ahead inc case,2022-02-12,quantile,0.025,44,2953
1147,2022-01-30,2 wk ahead inc case,2022-02-12,quantile,0.1,44,3810
1148,2022-01-30,2 wk ahead inc case,2022-02-12,quantile,0.5,44,5754
1149,2022-01-30,2 wk ahead inc case,2022-02-12,quantile,0.75,44,6796
1150,2022-01-30,2 wk ahead inc case,2022-02-12,quantile,0.9,44,7823
1151,2022-01-30,2 wk ahead inc case,2022-02-12,quantile,0.975,44,9163
1152,2022-01-30,3 wk ahead inc case,2022-02-19,quantile,0.025,44,1199
1153,2022-01-30,3 wk ahead inc case,2022-02-19,quantile,0.1,44,2629
1154,2022-01-30,3 wk ahead inc case,2022-02-19,quantile,0.5,44,4703
1155,2022-01-30,3 wk ahead inc case,2022-02-19,quantile,0.75,44,6054
1156,2022-01-30,3 wk ahead inc case,2022-02-19,quantile,0.9,44,7192
1157,2022-01-30,3 wk ahead inc case,2022-02-19,quantile,0.975,44,8969
1158,2022-01-30,4 wk ahead inc case,2022-02-26,quantile,0.025,44,907
1159,2022-01-30,4 wk ahead inc case,2022-02-26,quantile,0.1,44,2224
1160,2022-01-30,4 wk ahead inc case,2022-02-26,quantile,0.5,44,4899
1161,2022-01-30,4 wk ahead inc case,2022-02-26,quantile,0.75,44,6436
1162,2022-01-30,4 wk ahead inc case,2022-02-26,quantile,0.9,44,7907
1163,2022-01-30,4 wk ahead inc case,2022-02-26,quantile,0.975,44,10353
1164,2022-01-30,1 wk ahead inc case,2022-02-05,quantile,0.025,45,51098
1165,2022-01-30,1 wk ahead inc case,2022-02-05,quantile,0.1,45,54435
1166,2022-01-30,1 wk ahead inc case,2022-02-05,quantile,0.5,45,64733
1167,2022-01-30,1 wk ahead inc case,2022-02-05,quantile,0.75,45,69631
1168,2022-01-30,1 wk ahead inc case,2022-02-05,quantile,0.9,45,75076
1169,2022-01-30,1 wk ahead inc case,2022-02-05,quantile,0.975,45,81212
1170,2022-01-30,2 wk ahead inc case,2022-02-12,quantile,0.025,45,30172
1171,2022-01-30,2 wk ahead inc case,2022-02-12,quantile,0.1,45,36276
1172,2022-01-30,2 wk ahead inc case,2022-02-12,quantile,0.5,45,46378
1173,2022-01-30,2 wk ahead inc case,2022-02-12,quantile,0.75,45,52970
1174,2022-01-30,2 wk ahead inc case,2022-02-12,quantile,0.9,45,58493
1175,2022-01-30,2 wk ahead inc case,2022-02-12,quantile,0.975,45,65342
1176,2022-01-30,3 wk ahead inc case,2022-02-19,quantile,0.025,45,24788
1177,2022-01-30,3 wk ahead inc case,2022-02-19,quantile,0.1,45,30087
1178,2022-01-30,3 wk ahead inc case,2022-02-19,quantile,0.5,45,40273
1179,2022-01-30,3 wk ahead inc case,2022-02-19,quantile,0.75,45,46701
1180,2022-01-30,3 wk ahead inc case,2022-02-19,quantile,0.9,45,52121
1181,2022-01-30,3 wk ahead inc case,2022-02-19,quantile,0.975,45,59543
1182,2022-01-30,4 wk ahead inc case,2022-02-26,quantile,0.025,45,19862
1183,2022-01-30,4 wk ahead inc case,2022-02-26,quantile,0.1,45,23525
1184,2022-01-30,4 wk ahead inc case,2022-02-26,quantile,0.5,45,34461
1185,2022-01-30,4 wk ahead inc case,2022-02-26,quantile,0.75,45,40494
1186,2022-01-30,4 wk ahead inc case,2022-02-26,quantile,0.9,45,45740
1187,2022-01-30,4 wk ahead inc case,2022-02-26,quantile,0.975,45,51322
1188,2022-01-30,1 wk ahead inc case,2022-02-05,quantile,0.025,46,6186
1189,2022-01-30,1 wk ahead inc case,2022-02-05,quantile,0.1,46,6824
1190,2022-01-30,1 wk ahead inc case,2022-02-05,quantile,0.5,46,8097
1191,2022-01-30,1 wk ahead inc case,2022-02-05,quantile,0.75,46,8764
1192,2022-01-30,1 wk ahead inc case,2022-02-05,quantile,0.9,46,9431
1193,2022-01-30,1 wk ahead inc case,2022-02-05,quantile,0.975,46,10022
1194,2022-01-30,2 wk ahead inc case,2022-02-12,quantile,0.025,46,5287
1195,2022-01-30,2 wk ahead inc case,2022-02-12,quantile,0.1,46,5807
1196,2022-01-30,2 wk ahead inc case,2022-02-12,quantile,0.5,46,7076
1197,2022-01-30,2 wk ahead inc case,2022-02-12,quantile,0.75,46,7894
1198,2022-01-30,2 wk ahead inc case,2022-02-12,quantile,0.9,46,8566
1199,2022-01-30,2 wk ahead inc case,2022-02-12,quantile,0.975,46,9196
1200,2022-01-30,3 wk ahead inc case,2022-02-19,quantile,0.025,46,4643
1201,2022-01-30,3 wk ahead inc case,2022-02-19,quantile,0.1,46,5229
1202,2022-01-30,3 wk ahead inc case,2022-02-19,quantile,0.5,46,6654
1203,2022-01-30,3 wk ahead inc case,2022-02-19,quantile,0.75,46,7707
1204,2022-01-30,3 wk ahead inc case,2022-02-19,quantile,0.9,46,8478
1205,2022-01-30,3 wk ahead inc case,2022-02-19,quantile,0.975,46,9620
1206,2022-01-30,4 wk ahead inc case,2022-02-26,quantile,0.025,46,3905
1207,2022-01-30,4 wk ahead inc case,2022-02-26,quantile,0.1,46,4776
1208,2022-01-30,4 wk ahead inc case,2022-02-26,quantile,0.5,46,6847
1209,2022-01-30,4 wk ahead inc case,2022-02-26,quantile,0.75,46,7879
1210,2022-01-30,4 wk ahead inc case,2022-02-26,quantile,0.9,46,8733
1211,2022-01-30,4 wk ahead inc case,2022-02-26,quantile,0.975,46,9750
1212,2022-01-30,1 wk ahead inc case,2022-02-05,quantile,0.025,47,73601
1213,2022-01-30,1 wk ahead inc case,2022-02-05,quantile,0.1,47,82605
1214,2022-01-30,1 wk ahead inc case,2022-02-05,quantile,0.5,47,98517
1215,2022-01-30,1 wk ahead inc case,2022-02-05,quantile,0.75,47,106901
1216,2022-01-30,1 wk ahead inc case,2022-02-05,quantile,0.9,47,112967
1217,2022-01-30,1 wk ahead inc case,2022-02-05,quantile,0.975,47,120828
1218,2022-01-30,2 wk ahead inc case,2022-02-12,quantile,0.025,47,49856
1219,2022-01-30,2 wk ahead inc case,2022-02-12,quantile,0.1,47,56788
1220,2022-01-30,2 wk ahead inc case,2022-02-12,quantile,0.5,47,71735
1221,2022-01-30,2 wk ahead inc case,2022-02-12,quantile,0.75,47,81631
1222,2022-01-30,2 wk ahead inc case,2022-02-12,quantile,0.9,47,87560
1223,2022-01-30,2 wk ahead inc case,2022-02-12,quantile,0.975,47,93282
1224,2022-01-30,3 wk ahead inc case,2022-02-19,quantile,0.025,47,36240
1225,2022-01-30,3 wk ahead inc case,2022-02-19,quantile,0.1,47,41323
1226,2022-01-30,3 wk ahead inc case,2022-02-19,quantile,0.5,47,55424
1227,2022-01-30,3 wk ahead inc case,2022-02-19,quantile,0.75,47,64392
1228,2022-01-30,3 wk ahead inc case,2022-02-19,quantile,0.9,47,71347
1229,2022-01-30,3 wk ahead inc case,2022-02-19,quantile,0.975,47,81526
1230,2022-01-30,4 wk ahead inc case,2022-02-26,quantile,0.025,47,29117
1231,2022-01-30,4 wk ahead inc case,2022-02-26,quantile,0.1,47,37034
1232,2022-01-30,4 wk ahead inc case,2022-02-26,quantile,0.5,47,51604
1233,2022-01-30,4 wk ahead inc case,2022-02-26,quantile,0.75,47,60119
1234,2022-01-30,4 wk ahead inc case,2022-02-26,quantile,0.9,47,69269
1235,2022-01-30,4 wk ahead inc case,2022-02-26,quantile,0.975,47,74826
1236,2022-01-30,1 wk ahead inc case,2022-02-05,quantile,0.025,48,203577
1237,2022-01-30,1 wk ahead inc case,2022-02-05,quantile,0.1,48,222818
1238,2022-01-30,1 wk ahead inc case,2022-02-05,quantile,0.5,48,265362
1239,2022-01-30,1 wk ahead inc case,2022-02-05,quantile,0.75,48,286168
1240,2022-01-30,1 wk ahead inc case,2022-02-05,quantile,0.9,48,306935
1241,2022-01-30,1 wk ahead inc case,2022-02-05,quantile,0.975,48,324753
1242,2022-01-30,2 wk ahead inc case,2022-02-12,quantile,0.025,48,156971
1243,2022-01-30,2 wk ahead inc case,2022-02-12,quantile,0.1,48,183641
1244,2022-01-30,2 wk ahead inc case,2022-02-12,quantile,0.5,48,239933
1245,2022-01-30,2 wk ahead inc case,2022-02-12,quantile,0.75,48,268921
1246,2022-01-30,2 wk ahead inc case,2022-02-12,quantile,0.9,48,301774
1247,2022-01-30,2 wk ahead inc case,2022-02-12,quantile,0.975,48,338340
1248,2022-01-30,3 wk ahead inc case,2022-02-19,quantile,0.025,48,122801
1249,2022-01-30,3 wk ahead inc case,2022-02-19,quantile,0.1,48,150030
1250,2022-01-30,3 wk ahead inc case,2022-02-19,quantile,0.5,48,207036
1251,2022-01-30,3 wk ahead inc case,2022-02-19,quantile,0.75,48,238137
1252,2022-01-30,3 wk ahead inc case,2022-02-19,quantile,0.9,48,270970
1253,2022-01-30,3 wk ahead inc case,2022-02-19,quantile,0.975,48,313465
1254,2022-01-30,4 wk ahead inc case,2022-02-26,quantile,0.025,48,108905
1255,2022-01-30,4 wk ahead inc case,2022-02-26,quantile,0.1,48,137011
1256,2022-01-30,4 wk ahead inc case,2022-02-26,quantile,0.5,48,189301
1257,2022-01-30,4 wk ahead inc case,2022-02-26,quantile,0.75,48,216209
1258,2022-01-30,4 wk ahead inc case,2022-02-26,quantile,0.9,48,251741
1259,2022-01-30,4 wk ahead inc case,2022-02-26,quantile,0.975,48,277412
1260,2022-01-30,1 wk ahead inc case,2022-02-05,quantile,0.025,49,30613
1261,2022-01-30,1 wk ahead inc case,2022-02-05,quantile,0.1,49,36535
1262,2022-01-30,1 wk ahead inc case,2022-02-05,quantile,0.5,49,43589
1263,2022-01-30,1 wk ahead inc case,2022-02-05,quantile,0.75,49,46814
1264,2022-01-30,1 wk ahead inc case,2022-02-05,quantile,0.9,49,50448
1265,2022-01-30,1 wk ahead inc case,2022-02-05,quantile,0.975,49,54782
1266,2022-01-30,2 wk ahead inc case,2022-02-12,quantile,0.025,49,21139
1267,2022-01-30,2 wk ahead inc case,2022-02-12,quantile,0.1,49,23580
1268,2022-01-30,2 wk ahead inc case,2022-02-12,quantile,0.5,49,30874
1269,2022-01-30,2 wk ahead inc case,2022-02-12,quantile,0.75,49,35201
1270,2022-01-30,2 wk ahead inc case,2022-02-12,quantile,0.9,49,39424
1271,2022-01-30,2 wk ahead inc case,2022-02-12,quantile,0.975,49,44472
1272,2022-01-30,3 wk ahead inc case,2022-02-19,quantile,0.025,49,14823
1273,2022-01-30,3 wk ahead inc case,2022-02-19,quantile,0.1,49,18075
1274,2022-01-30,3 wk ahead inc case,2022-02-19,quantile,0.5,49,26026
1275,2022-01-30,3 wk ahead inc case,2022-02-19,quantile,0.75,49,30106
1276,2022-01-30,3 wk ahead inc case,2022-02-19,quantile,0.9,49,35602
1277,2022-01-30,3 wk ahead inc case,2022-02-19,quantile,0.975,49,42383
1278,2022-01-30,4 wk ahead inc case,2022-02-26,quantile,0.025,49,11109
1279,2022-01-30,4 wk ahead inc case,2022-02-26,quantile,0.1,49,15229
1280,2022-01-30,4 wk ahead inc case,2022-02-26,quantile,0.5,49,24463
1281,2022-01-30,4 wk ahead inc case,2022-02-26,quantile,0.75,49,30600
1282,2022-01-30,4 wk ahead inc case,2022-02-26,quantile,0.9,49,37913
1283,2022-01-30,4 wk ahead inc case,2022-02-26,quantile,0.975,49,42610
1284,2022-01-30,1 wk ahead inc case,2022-02-05,quantile,0.025,50,3754
1285,2022-01-30,1 wk ahead inc case,2022-02-05,quantile,0.1,50,4081
1286,2022-01-30,1 wk ahead inc case,2022-02-05,quantile,0.5,50,4975
1287,2022-01-30,1 wk ahead inc case,2022-02-05,quantile,0.75,50,5448
1288,2022-01-30,1 wk ahead inc case,2022-02-05,quantile,0.9,50,5847
1289,2022-01-30,1 wk ahead inc case,2022-02-05,quantile,0.975,50,6274
1290,2022-01-30,2 wk ahead inc case,2022-02-12,quantile,0.025,50,1718
1291,2022-01-30,2 wk ahead inc case,2022-02-12,quantile,0.1,50,2137
1292,2022-01-30,2 wk ahead inc case,2022-02-12,quantile,0.5,50,3170
1293,2022-01-30,2 wk ahead inc case,2022-02-12,quantile,0.75,50,3934
1294,2022-01-30,2 wk ahead inc case,2022-02-12,quantile,0.9,50,4457
1295,2022-01-30,2 wk ahead inc case,2022-02-12,quantile,0.975,50,5000
1296,2022-01-30,3 wk ahead inc case,2022-02-19,quantile,0.025,50,965
1297,2022-01-30,3 wk ahead inc case,2022-02-19,quantile,0.1,50,1442
1298,2022-01-30,3 wk ahead inc case,2022-02-19,quantile,0.5,50,2635
1299,2022-01-30,3 wk ahead inc case,2022-02-19,quantile,0.75,50,3509
1300,2022-01-30,3 wk ahead inc case,2022-02-19,quantile,0.9,50,4104
1301,2022-01-30,3 wk ahead inc case,2022-02-19,quantile,0.975,50,4858
1302,2022-01-30,4 wk ahead inc case,2022-02-26,quantile,0.025,50,178
1303,2022-01-30,4 wk ahead inc case,2022-02-26,quantile,0.1,50,914
1304,2022-01-30,4 wk ahead inc case,2022-02-26,quantile,0.5,50,2563
1305,2022-01-30,4 wk ahead inc case,2022-02-26,quantile,0.75,50,3573
1306,2022-01-30,4 wk ahead inc case,2022-02-26,quantile,0.9,50,4377
1307,2022-01-30,4 wk ahead inc case,2022-02-26,quantile,0.975,50,5796
1308,2022-01-30,1 wk ahead inc case,2022-02-05,quantile,0.025,51,43201
1309,2022-01-30,1 wk ahead inc case,2022-02-05,quantile,0.1,51,50305
1310,2022-01-30,1 wk ahead inc case,2022-02-05,quantile,0.5,51,59950
1311,2022-01-30,1 wk ahead inc case,2022-02-05,quantile,0.75,51,66236
1312,2022-01-30,1 wk ahead inc case,2022-02-05,quantile,0.9,51,72816
1313,2022-01-30,1 wk ahead inc case,2022-02-05,quantile,0.975,51,78646
1314,2022-01-30,2 wk ahead inc case,2022-02-12,quantile,0.025,51,30590
1315,2022-01-30,2 wk ahead inc case,2022-02-12,quantile,0.1,51,38901
1316,2022-01-30,2 wk ahead inc case,2022-02-12,quantile,0.5,51,54341
1317,2022-01-30,2 wk ahead inc case,2022-02-12,quantile,0.75,51,62559
1318,2022-01-30,2 wk ahead inc case,2022-02-12,quantile,0.9,51,71766
1319,2022-01-30,2 wk ahead inc case,2022-02-12,quantile,0.975,51,80369
1320,2022-01-30,3 wk ahead inc case,2022-02-19,quantile,0.025,51,18644
1321,2022-01-30,3 wk ahead inc case,2022-02-19,quantile,0.1,51,25487
1322,2022-01-30,3 wk ahead inc case,2022-02-19,quantile,0.5,51,41056
1323,2022-01-30,3 wk ahead inc case,2022-02-19,quantile,0.75,51,49743
1324,2022-01-30,3 wk ahead inc case,2022-02-19,quantile,0.9,51,56691
1325,2022-01-30,3 wk ahead inc case,2022-02-19,quantile,0.975,51,65729
1326,2022-01-30,4 wk ahead inc case,2022-02-26,quantile,0.025,51,11549
1327,2022-01-30,4 wk ahead inc case,2022-02-26,quantile,0.1,51,18542
1328,2022-01-30,4 wk ahead inc case,2022-02-26,quantile,0.5,51,32482
1329,2022-01-30,4 wk ahead inc case,2022-02-26,quantile,0.75,51,40345
1330,2022-01-30,4 wk ahead inc case,2022-02-26,quantile,0.9,51,47263
1331,2022-01-30,4 wk ahead inc case,2022-02-26,quantile,0.975,51,55130
1332,2022-01-30,1 wk ahead inc case,2022-02-05,quantile,0.025,53,88000
1333,2022-01-30,1 wk ahead inc case,2022-02-05,quantile,0.1,53,94766
1334,2022-01-30,1 wk ahead inc case,2022-02-05,quantile,0.5,53,109672
1335,2022-01-30,1 wk ahead inc case,2022-02-05,quantile,0.75,53,117252
1336,2022-01-30,1 wk ahead inc case,2022-02-05,quantile,0.9,53,126263
1337,2022-01-30,1 wk ahead inc case,2022-02-05,quantile,0.975,53,136728
1338,2022-01-30,2 wk ahead inc case,2022-02-12,quantile,0.025,53,59104
1339,2022-01-30,2 wk ahead inc case,2022-02-12,quantile,0.1,53,66240
1340,2022-01-30,2 wk ahead inc case,2022-02-12,quantile,0.5,53,83015
1341,2022-01-30,2 wk ahead inc case,2022-02-12,quantile,0.75,53,93286
1342,2022-01-30,2 wk ahead inc case,2022-02-12,quantile,0.9,53,101172
1343,2022-01-30,2 wk ahead inc case,2022-02-12,quantile,0.975,53,113885
1344,2022-01-30,3 wk ahead inc case,2022-02-19,quantile,0.025,53,31856
1345,2022-01-30,3 wk ahead inc case,2022-02-19,quantile,0.1,53,41722
1346,2022-01-30,3 wk ahead inc case,2022-02-19,quantile,0.5,53,61586
1347,2022-01-30,3 wk ahead inc case,2022-02-19,quantile,0.75,53,70401
1348,2022-01-30,3 wk ahead inc case,2022-02-19,quantile,0.9,53,83276
1349,2022-01-30,3 wk ahead inc case,2022-02-19,quantile,0.975,53,93787
1350,2022-01-30,4 wk ahead inc case,2022-02-26,quantile,0.025,53,19427
1351,2022-01-30,4 wk ahead inc case,2022-02-26,quantile,0.1,53,28350
1352,2022-01-30,4 wk ahead inc case,2022-02-26,quantile,0.5,53,46690
1353,2022-01-30,4 wk ahead inc case,2022-02-26,quantile,0.75,53,59194
1354,2022-01-30,4 wk ahead inc case,2022-02-26,quantile,0.9,53,70980
1355,2022-01-30,4 wk ahead inc case,2022-02-26,quantile,0.975,53,81075
1356,2022-01-30,1 wk ahead inc case,2022-02-05,quantile,0.025,54,19636
1357,2022-01-30,1 wk ahead inc case,2022-02-05,quantile,0.1,54,23096
1358,2022-01-30,1 wk ahead inc case,2022-02-05,quantile,0.5,54,27334
1359,2022-01-30,1 wk ahead inc case,2022-02-05,quantile,0.75,54,29527
1360,2022-01-30,1 wk ahead inc case,2022-02-05,quantile,0.9,54,31650
1361,2022-01-30,1 wk ahead inc case,2022-02-05,quantile,0.975,54,33091
1362,2022-01-30,2 wk ahead inc case,2022-02-12,quantile,0.025,54,14529
1363,2022-01-30,2 wk ahead inc case,2022-02-12,quantile,0.1,54,17207
1364,2022-01-30,2 wk ahead inc case,2022-02-12,quantile,0.5,54,21564
1365,2022-01-30,2 wk ahead inc case,2022-02-12,quantile,0.75,54,24430
1366,2022-01-30,2 wk ahead inc case,2022-02-12,quantile,0.9,54,26481
1367,2022-01-30,2 wk ahead inc case,2022-02-12,quantile,0.975,54,29458
1368,2022-01-30,3 wk ahead inc case,2022-02-19,quantile,0.025,54,10464
1369,2022-01-30,3 wk ahead inc case,2022-02-19,quantile,0.1,54,12684
1370,2022-01-30,3 wk ahead inc case,2022-02-19,quantile,0.5,54,17590
1371,2022-01-30,3 wk ahead inc case,2022-02-19,quantile,0.75,54,20168
1372,2022-01-30,3 wk ahead inc case,2022-02-19,quantile,0.9,54,22445
1373,2022-01-30,3 wk ahead inc case,2022-02-19,quantile,0.975,54,25802
1374,2022-01-30,4 wk ahead inc case,2022-02-26,quantile,0.025,54,9521
1375,2022-01-30,4 wk ahead inc case,2022-02-26,quantile,0.1,54,11564
1376,2022-01-30,4 wk ahead inc case,2022-02-26,quantile,0.5,54,16144
1377,2022-01-30,4 wk ahead inc case,2022-02-26,quantile,0.75,54,18237
1378,2022-01-30,4 wk ahead inc case,2022-02-26,quantile,0.9,54,21133
1379,2022-01-30,4 wk ahead inc case,2022-02-26,quantile,0.975,54,23411
1380,2022-01-30,1 wk ahead inc case,2022-02-05,quantile,0.025,55,37230
1381,2022-01-30,1 wk ahead inc case,2022-02-05,quantile,0.1,55,41317
1382,2022-01-30,1 wk ahead inc case,2022-02-05,quantile,0.5,55,48757
1383,2022-01-30,1 wk ahead inc case,2022-02-05,quantile,0.75,55,52741
1384,2022-01-30,1 wk ahead inc case,2022-02-05,quantile,0.9,55,56121
1385,2022-01-30,1 wk ahead inc case,2022-02-05,quantile,0.975,55,60113
1386,2022-01-30,2 wk ahead inc case,2022-02-12,quantile,0.025,55,22175
1387,2022-01-30,2 wk ahead inc case,2022-02-12,quantile,0.1,55,26085
1388,2022-01-30,2 wk ahead inc case,2022-02-12,quantile,0.5,55,35495
1389,2022-01-30,2 wk ahead inc case,2022-02-12,quantile,0.75,55,40448
1390,2022-01-30,2 wk ahead inc case,2022-02-12,quantile,0.9,55,46401
1391,2022-01-30,2 wk ahead inc case,2022-02-12,quantile,0.975,55,50886
1392,2022-01-30,3 wk ahead inc case,2022-02-19,quantile,0.025,55,17199
1393,2022-01-30,3 wk ahead inc case,2022-02-19,quantile,0.1,55,21363
1394,2022-01-30,3 wk ahead inc case,2022-02-19,quantile,0.5,55,30213
1395,2022-01-30,3 wk ahead inc case,2022-02-19,quantile,0.75,55,34603
1396,2022-01-30,3 wk ahead inc case,2022-02-19,quantile,0.9,55,38640
1397,2022-01-30,3 wk ahead inc case,2022-02-19,quantile,0.975,55,41184
1398,2022-01-30,4 wk ahead inc case,2022-02-26,quantile,0.025,55,17398
1399,2022-01-30,4 wk ahead inc case,2022-02-26,quantile,0.1,55,21471
1400,2022-01-30,4 wk ahead inc case,2022-02-26,quantile,0.5,55,29366
1401,2022-01-30,4 wk ahead inc case,2022-02-26,quantile,0.75,55,35172
1402,2022-01-30,4 wk ahead inc case,2022-02-26,quantile,0.9,55,40604
1403,2022-01-30,4 wk ahead inc case,2022-02-26,quantile,0.975,55,48202
1404,2022-01-30,1 wk ahead inc case,2022-02-05,quantile,0.025,56,6144
1405,2022-01-30,1 wk ahead inc case,2022-02-05,quantile,0.1,56,6803
1406,2022-01-30,1 wk ahead inc case,2022-02-05,quantile,0.5,56,8040
1407,2022-01-30,1 wk ahead inc case,2022-02-05,quantile,0.75,56,8808
1408,2022-01-30,1 wk ahead inc case,2022-02-05,quantile,0.9,56,9367
1409,2022-01-30,1 wk ahead inc case,2022-02-05,quantile,0.975,56,9926
1410,2022-01-30,2 wk ahead inc case,2022-02-12,quantile,0.025,56,5316
1411,2022-01-30,2 wk ahead inc case,2022-02-12,quantile,0.1,56,5957
1412,2022-01-30,2 wk ahead inc case,2022-02-12,quantile,0.5,56,7330
1413,2022-01-30,2 wk ahead inc case,2022-02-12,quantile,0.75,56,8083
1414,2022-01-30,2 wk ahead inc case,2022-02-12,quantile,0.9,56,8853
1415,2022-01-30,2 wk ahead inc case,2022-02-12,quantile,0.975,56,9864
1416,2022-01-30,3 wk ahead inc case,2022-02-19,quantile,0.025,56,4314
1417,2022-01-30,3 wk ahead inc case,2022-02-19,quantile,0.1,56,4938
1418,2022-01-30,3 wk ahead inc case,2022-02-19,quantile,0.5,56,6219
1419,2022-01-30,3 wk ahead inc case,2022-02-19,quantile,0.75,56,7031
1420,2022-01-30,3 wk ahead inc case,2022-02-19,quantile,0.9,56,7695
1421,2022-01-30,3 wk ahead inc case,2022-02-19,quantile,0.975,56,8672
1422,2022-01-30,4 wk ahead inc case,2022-02-26,quantile,0.025,56,3299
1423,2022-01-30,4 wk ahead inc case,2022-02-26,quantile,0.1,56,3971
1424,2022-01-30,4 wk ahead inc case,2022-02-26,quantile,0.5,56,5358
1425,2022-01-30,4 wk ahead inc case,2022-02-26,quantile,0.75,56,6037
1426,2022-01-30,4 wk ahead inc case,2022-02-26,quantile,0.9,56,6789
1427,2022-01-30,4 wk ahead inc case,2022-02-26,quantile,0.975,56,7741
