,forecast_date,target,target_end_date,type,quantile,location,value
0,2022-02-05,1 wk ahead inc death,2022-02-11,point,,01,245
1,2022-02-05,2 wk ahead inc death,2022-02-18,point,,01,213
2,2022-02-05,3 wk ahead inc death,2022-02-25,point,,01,186
3,2022-02-05,4 wk ahead inc death,2022-03-04,point,,01,191
4,2022-02-05,1 wk ahead inc death,2022-02-11,point,,02,11
5,2022-02-05,2 wk ahead inc death,2022-02-18,point,,02,8
6,2022-02-05,3 wk ahead inc death,2022-02-25,point,,02,9
7,2022-02-05,4 wk ahead inc death,2022-03-04,point,,02,11
8,2022-02-05,1 wk ahead inc death,2022-02-11,point,,04,408
9,2022-02-05,2 wk ahead inc death,2022-02-18,point,,04,381
10,2022-02-05,3 wk ahead inc death,2022-02-25,point,,04,347
11,2022-02-05,4 wk ahead inc death,2022-03-04,point,,04,310
12,2022-02-05,1 wk ahead inc death,2022-02-11,point,,05,179
13,2022-02-05,2 wk ahead inc death,2022-02-18,point,,05,204
14,2022-02-05,3 wk ahead inc death,2022-02-25,point,,05,220
15,2022-02-05,4 wk ahead inc death,2022-03-04,point,,05,228
16,2022-02-05,1 wk ahead inc death,2022-02-11,point,,06,1301
17,2022-02-05,2 wk ahead inc death,2022-02-18,point,,06,1394
18,2022-02-05,3 wk ahead inc death,2022-02-25,point,,06,1250
19,2022-02-05,4 wk ahead inc death,2022-03-04,point,,06,1097
20,2022-02-05,1 wk ahead inc death,2022-02-11,point,,08,133
21,2022-02-05,2 wk ahead inc death,2022-02-18,point,,08,116
22,2022-02-05,3 wk ahead inc death,2022-02-25,point,,08,91
23,2022-02-05,4 wk ahead inc death,2022-03-04,point,,08,109
24,2022-02-05,1 wk ahead inc death,2022-02-11,point,,09,190
25,2022-02-05,2 wk ahead inc death,2022-02-18,point,,09,180
26,2022-02-05,3 wk ahead inc death,2022-02-25,point,,09,182
27,2022-02-05,4 wk ahead inc death,2022-03-04,point,,09,186
28,2022-02-05,1 wk ahead inc death,2022-02-11,point,,10,42
29,2022-02-05,2 wk ahead inc death,2022-02-18,point,,10,41
30,2022-02-05,3 wk ahead inc death,2022-02-25,point,,10,35
31,2022-02-05,4 wk ahead inc death,2022-03-04,point,,10,37
32,2022-02-05,1 wk ahead inc death,2022-02-11,point,,12,1371
33,2022-02-05,2 wk ahead inc death,2022-02-18,point,,12,1449
34,2022-02-05,3 wk ahead inc death,2022-02-25,point,,12,1351
35,2022-02-05,4 wk ahead inc death,2022-03-04,point,,12,1223
36,2022-02-05,1 wk ahead inc death,2022-02-11,point,,13,490
37,2022-02-05,2 wk ahead inc death,2022-02-18,point,,13,450
38,2022-02-05,3 wk ahead inc death,2022-02-25,point,,13,414
39,2022-02-05,4 wk ahead inc death,2022-03-04,point,,13,393
40,2022-02-05,1 wk ahead inc death,2022-02-11,point,,15,45
41,2022-02-05,2 wk ahead inc death,2022-02-18,point,,15,50
42,2022-02-05,3 wk ahead inc death,2022-02-25,point,,15,59
43,2022-02-05,4 wk ahead inc death,2022-03-04,point,,15,65
44,2022-02-05,1 wk ahead inc death,2022-02-11,point,,16,77
45,2022-02-05,2 wk ahead inc death,2022-02-18,point,,16,68
46,2022-02-05,3 wk ahead inc death,2022-02-25,point,,16,63
47,2022-02-05,4 wk ahead inc death,2022-03-04,point,,16,57
48,2022-02-05,1 wk ahead inc death,2022-02-11,point,,17,561
49,2022-02-05,2 wk ahead inc death,2022-02-18,point,,17,547
50,2022-02-05,3 wk ahead inc death,2022-02-25,point,,17,540
51,2022-02-05,4 wk ahead inc death,2022-03-04,point,,17,466
52,2022-02-05,1 wk ahead inc death,2022-02-11,point,,18,371
53,2022-02-05,2 wk ahead inc death,2022-02-18,point,,18,347
54,2022-02-05,3 wk ahead inc death,2022-02-25,point,,18,331
55,2022-02-05,4 wk ahead inc death,2022-03-04,point,,18,322
56,2022-02-05,1 wk ahead inc death,2022-02-11,point,,19,192
57,2022-02-05,2 wk ahead inc death,2022-02-18,point,,19,200
58,2022-02-05,3 wk ahead inc death,2022-02-25,point,,19,206
59,2022-02-05,4 wk ahead inc death,2022-03-04,point,,19,209
60,2022-02-05,1 wk ahead inc death,2022-02-11,point,,20,188
61,2022-02-05,2 wk ahead inc death,2022-02-18,point,,20,189
62,2022-02-05,3 wk ahead inc death,2022-02-25,point,,20,182
63,2022-02-05,4 wk ahead inc death,2022-03-04,point,,20,176
64,2022-02-05,1 wk ahead inc death,2022-02-11,point,,21,199
65,2022-02-05,2 wk ahead inc death,2022-02-18,point,,21,227
66,2022-02-05,3 wk ahead inc death,2022-02-25,point,,21,246
67,2022-02-05,4 wk ahead inc death,2022-03-04,point,,21,252
68,2022-02-05,1 wk ahead inc death,2022-02-11,point,,22,241
69,2022-02-05,2 wk ahead inc death,2022-02-18,point,,22,231
70,2022-02-05,3 wk ahead inc death,2022-02-25,point,,22,226
71,2022-02-05,4 wk ahead inc death,2022-03-04,point,,22,226
72,2022-02-05,1 wk ahead inc death,2022-02-11,point,,23,58
73,2022-02-05,2 wk ahead inc death,2022-02-18,point,,23,66
74,2022-02-05,3 wk ahead inc death,2022-02-25,point,,23,75
75,2022-02-05,4 wk ahead inc death,2022-03-04,point,,23,86
76,2022-02-05,1 wk ahead inc death,2022-02-11,point,,24,196
77,2022-02-05,2 wk ahead inc death,2022-02-18,point,,24,171
78,2022-02-05,3 wk ahead inc death,2022-02-25,point,,24,158
79,2022-02-05,4 wk ahead inc death,2022-03-04,point,,24,160
80,2022-02-05,1 wk ahead inc death,2022-02-11,point,,25,462
81,2022-02-05,2 wk ahead inc death,2022-02-18,point,,25,412
82,2022-02-05,3 wk ahead inc death,2022-02-25,point,,25,379
83,2022-02-05,4 wk ahead inc death,2022-03-04,point,,25,370
84,2022-02-05,1 wk ahead inc death,2022-02-11,point,,26,656
85,2022-02-05,2 wk ahead inc death,2022-02-18,point,,26,611
86,2022-02-05,3 wk ahead inc death,2022-02-25,point,,26,604
87,2022-02-05,4 wk ahead inc death,2022-03-04,point,,26,609
88,2022-02-05,1 wk ahead inc death,2022-02-11,point,,27,221
89,2022-02-05,2 wk ahead inc death,2022-02-18,point,,27,209
90,2022-02-05,3 wk ahead inc death,2022-02-25,point,,27,193
91,2022-02-05,4 wk ahead inc death,2022-03-04,point,,27,193
92,2022-02-05,1 wk ahead inc death,2022-02-11,point,,28,298
93,2022-02-05,2 wk ahead inc death,2022-02-18,point,,28,286
94,2022-02-05,3 wk ahead inc death,2022-02-25,point,,28,267
95,2022-02-05,4 wk ahead inc death,2022-03-04,point,,28,248
96,2022-02-05,1 wk ahead inc death,2022-02-11,point,,29,479
97,2022-02-05,2 wk ahead inc death,2022-02-18,point,,29,482
98,2022-02-05,3 wk ahead inc death,2022-02-25,point,,29,479
99,2022-02-05,4 wk ahead inc death,2022-03-04,point,,29,454
100,2022-02-05,1 wk ahead inc death,2022-02-11,point,,30,54
101,2022-02-05,2 wk ahead inc death,2022-02-18,point,,30,65
102,2022-02-05,3 wk ahead inc death,2022-02-25,point,,30,73
103,2022-02-05,4 wk ahead inc death,2022-03-04,point,,30,81
104,2022-02-05,1 wk ahead inc death,2022-02-11,point,,31,74
105,2022-02-05,2 wk ahead inc death,2022-02-18,point,,31,64
106,2022-02-05,3 wk ahead inc death,2022-02-25,point,,31,61
107,2022-02-05,4 wk ahead inc death,2022-03-04,point,,31,63
108,2022-02-05,1 wk ahead inc death,2022-02-11,point,,32,236
109,2022-02-05,2 wk ahead inc death,2022-02-18,point,,32,221
110,2022-02-05,3 wk ahead inc death,2022-02-25,point,,32,210
111,2022-02-05,4 wk ahead inc death,2022-03-04,point,,32,200
112,2022-02-05,1 wk ahead inc death,2022-02-11,point,,33,58
113,2022-02-05,2 wk ahead inc death,2022-02-18,point,,33,67
114,2022-02-05,3 wk ahead inc death,2022-02-25,point,,33,74
115,2022-02-05,4 wk ahead inc death,2022-03-04,point,,33,81
116,2022-02-05,1 wk ahead inc death,2022-02-11,point,,34,490
117,2022-02-05,2 wk ahead inc death,2022-02-18,point,,34,435
118,2022-02-05,3 wk ahead inc death,2022-02-25,point,,34,423
119,2022-02-05,4 wk ahead inc death,2022-03-04,point,,34,431
120,2022-02-05,1 wk ahead inc death,2022-02-11,point,,35,109
121,2022-02-05,2 wk ahead inc death,2022-02-18,point,,35,99
122,2022-02-05,3 wk ahead inc death,2022-02-25,point,,35,88
123,2022-02-05,4 wk ahead inc death,2022-03-04,point,,35,87
124,2022-02-05,1 wk ahead inc death,2022-02-11,point,,36,637
125,2022-02-05,2 wk ahead inc death,2022-02-18,point,,36,580
126,2022-02-05,3 wk ahead inc death,2022-02-25,point,,36,546
127,2022-02-05,4 wk ahead inc death,2022-03-04,point,,36,536
128,2022-02-05,1 wk ahead inc death,2022-02-11,point,,37,520
129,2022-02-05,2 wk ahead inc death,2022-02-18,point,,37,566
130,2022-02-05,3 wk ahead inc death,2022-02-25,point,,37,596
131,2022-02-05,4 wk ahead inc death,2022-03-04,point,,37,604
132,2022-02-05,1 wk ahead inc death,2022-02-11,point,,38,40
133,2022-02-05,2 wk ahead inc death,2022-02-18,point,,38,45
134,2022-02-05,3 wk ahead inc death,2022-02-25,point,,38,47
135,2022-02-05,4 wk ahead inc death,2022-03-04,point,,38,48
136,2022-02-05,1 wk ahead inc death,2022-02-11,point,,39,157
137,2022-02-05,2 wk ahead inc death,2022-02-18,point,,39,148
138,2022-02-05,3 wk ahead inc death,2022-02-25,point,,39,125
139,2022-02-05,4 wk ahead inc death,2022-03-04,point,,39,125
140,2022-02-05,1 wk ahead inc death,2022-02-11,point,,40,312
141,2022-02-05,2 wk ahead inc death,2022-02-18,point,,40,319
142,2022-02-05,3 wk ahead inc death,2022-02-25,point,,40,309
143,2022-02-05,4 wk ahead inc death,2022-03-04,point,,40,297
144,2022-02-05,1 wk ahead inc death,2022-02-11,point,,41,118
145,2022-02-05,2 wk ahead inc death,2022-02-18,point,,41,109
146,2022-02-05,3 wk ahead inc death,2022-02-25,point,,41,106
147,2022-02-05,4 wk ahead inc death,2022-03-04,point,,41,98
148,2022-02-05,1 wk ahead inc death,2022-02-11,point,,42,913
149,2022-02-05,2 wk ahead inc death,2022-02-18,point,,42,836
150,2022-02-05,3 wk ahead inc death,2022-02-25,point,,42,779
151,2022-02-05,4 wk ahead inc death,2022-03-04,point,,42,756
152,2022-02-05,1 wk ahead inc death,2022-02-11,point,,44,50
153,2022-02-05,2 wk ahead inc death,2022-02-18,point,,44,47
154,2022-02-05,3 wk ahead inc death,2022-02-25,point,,44,47
155,2022-02-05,4 wk ahead inc death,2022-03-04,point,,44,39
156,2022-02-05,1 wk ahead inc death,2022-02-11,point,,45,408
157,2022-02-05,2 wk ahead inc death,2022-02-18,point,,45,409
158,2022-02-05,3 wk ahead inc death,2022-02-25,point,,45,404
159,2022-02-05,4 wk ahead inc death,2022-03-04,point,,45,400
160,2022-02-05,1 wk ahead inc death,2022-02-11,point,,46,55
161,2022-02-05,2 wk ahead inc death,2022-02-18,point,,46,59
162,2022-02-05,3 wk ahead inc death,2022-02-25,point,,46,60
163,2022-02-05,4 wk ahead inc death,2022-03-04,point,,46,61
164,2022-02-05,1 wk ahead inc death,2022-02-11,point,,47,656
165,2022-02-05,2 wk ahead inc death,2022-02-18,point,,47,634
166,2022-02-05,3 wk ahead inc death,2022-02-25,point,,47,604
167,2022-02-05,4 wk ahead inc death,2022-03-04,point,,47,557
168,2022-02-05,1 wk ahead inc death,2022-02-11,point,,48,1419
169,2022-02-05,2 wk ahead inc death,2022-02-18,point,,48,1385
170,2022-02-05,3 wk ahead inc death,2022-02-25,point,,48,1334
171,2022-02-05,4 wk ahead inc death,2022-03-04,point,,48,1217
172,2022-02-05,1 wk ahead inc death,2022-02-11,point,,49,57
173,2022-02-05,2 wk ahead inc death,2022-02-18,point,,49,52
174,2022-02-05,3 wk ahead inc death,2022-02-25,point,,49,50
175,2022-02-05,4 wk ahead inc death,2022-03-04,point,,49,50
176,2022-02-05,1 wk ahead inc death,2022-02-11,point,,50,21
177,2022-02-05,2 wk ahead inc death,2022-02-18,point,,50,21
178,2022-02-05,3 wk ahead inc death,2022-02-25,point,,50,22
179,2022-02-05,4 wk ahead inc death,2022-03-04,point,,50,20
180,2022-02-05,1 wk ahead inc death,2022-02-11,point,,51,429
181,2022-02-05,2 wk ahead inc death,2022-02-18,point,,51,452
182,2022-02-05,3 wk ahead inc death,2022-02-25,point,,51,448
183,2022-02-05,4 wk ahead inc death,2022-03-04,point,,51,434
184,2022-02-05,1 wk ahead inc death,2022-02-11,point,,53,313
185,2022-02-05,2 wk ahead inc death,2022-02-18,point,,53,348
186,2022-02-05,3 wk ahead inc death,2022-02-25,point,,53,366
187,2022-02-05,4 wk ahead inc death,2022-03-04,point,,53,365
188,2022-02-05,1 wk ahead inc death,2022-02-11,point,,54,133
189,2022-02-05,2 wk ahead inc death,2022-02-18,point,,54,142
190,2022-02-05,3 wk ahead inc death,2022-02-25,point,,54,137
191,2022-02-05,4 wk ahead inc death,2022-03-04,point,,54,122
192,2022-02-05,1 wk ahead inc death,2022-02-11,point,,55,346
193,2022-02-05,2 wk ahead inc death,2022-02-18,point,,55,329
194,2022-02-05,3 wk ahead inc death,2022-02-25,point,,55,299
195,2022-02-05,4 wk ahead inc death,2022-03-04,point,,55,271
196,2022-02-05,1 wk ahead inc death,2022-02-11,point,,56,24
197,2022-02-05,2 wk ahead inc death,2022-02-18,point,,56,23
198,2022-02-05,3 wk ahead inc death,2022-02-25,point,,56,22
199,2022-02-05,4 wk ahead inc death,2022-03-04,point,,56,19
200,2022-02-05,1 wk ahead inc death,2022-02-11,quantile,0.025,01,187
201,2022-02-05,1 wk ahead inc death,2022-02-11,quantile,0.1,01,207
202,2022-02-05,1 wk ahead inc death,2022-02-11,quantile,0.5,01,245
203,2022-02-05,1 wk ahead inc death,2022-02-11,quantile,0.75,01,266
204,2022-02-05,1 wk ahead inc death,2022-02-11,quantile,0.9,01,283
205,2022-02-05,1 wk ahead inc death,2022-02-11,quantile,0.975,01,302
206,2022-02-05,2 wk ahead inc death,2022-02-18,quantile,0.025,01,161
207,2022-02-05,2 wk ahead inc death,2022-02-18,quantile,0.1,01,179
208,2022-02-05,2 wk ahead inc death,2022-02-18,quantile,0.5,01,213
209,2022-02-05,2 wk ahead inc death,2022-02-18,quantile,0.75,01,234
210,2022-02-05,2 wk ahead inc death,2022-02-18,quantile,0.9,01,258
211,2022-02-05,2 wk ahead inc death,2022-02-18,quantile,0.975,01,291
212,2022-02-05,3 wk ahead inc death,2022-02-25,quantile,0.025,01,128
213,2022-02-05,3 wk ahead inc death,2022-02-25,quantile,0.1,01,142
214,2022-02-05,3 wk ahead inc death,2022-02-25,quantile,0.5,01,186
215,2022-02-05,3 wk ahead inc death,2022-02-25,quantile,0.75,01,211
216,2022-02-05,3 wk ahead inc death,2022-02-25,quantile,0.9,01,232
217,2022-02-05,3 wk ahead inc death,2022-02-25,quantile,0.975,01,267
218,2022-02-05,4 wk ahead inc death,2022-03-04,quantile,0.025,01,138
219,2022-02-05,4 wk ahead inc death,2022-03-04,quantile,0.1,01,151
220,2022-02-05,4 wk ahead inc death,2022-03-04,quantile,0.5,01,191
221,2022-02-05,4 wk ahead inc death,2022-03-04,quantile,0.75,01,218
222,2022-02-05,4 wk ahead inc death,2022-03-04,quantile,0.9,01,246
223,2022-02-05,4 wk ahead inc death,2022-03-04,quantile,0.975,01,279
224,2022-02-05,1 wk ahead inc death,2022-02-11,quantile,0.025,02,4
225,2022-02-05,1 wk ahead inc death,2022-02-11,quantile,0.1,02,6
226,2022-02-05,1 wk ahead inc death,2022-02-11,quantile,0.5,02,11
227,2022-02-05,1 wk ahead inc death,2022-02-11,quantile,0.75,02,13
228,2022-02-05,1 wk ahead inc death,2022-02-11,quantile,0.9,02,15
229,2022-02-05,1 wk ahead inc death,2022-02-11,quantile,0.975,02,17
230,2022-02-05,2 wk ahead inc death,2022-02-18,quantile,0.025,02,0
231,2022-02-05,2 wk ahead inc death,2022-02-18,quantile,0.1,02,3
232,2022-02-05,2 wk ahead inc death,2022-02-18,quantile,0.5,02,8
233,2022-02-05,2 wk ahead inc death,2022-02-18,quantile,0.75,02,11
234,2022-02-05,2 wk ahead inc death,2022-02-18,quantile,0.9,02,13
235,2022-02-05,2 wk ahead inc death,2022-02-18,quantile,0.975,02,14
236,2022-02-05,3 wk ahead inc death,2022-02-25,quantile,0.025,02,0
237,2022-02-05,3 wk ahead inc death,2022-02-25,quantile,0.1,02,3
238,2022-02-05,3 wk ahead inc death,2022-02-25,quantile,0.5,02,9
239,2022-02-05,3 wk ahead inc death,2022-02-25,quantile,0.75,02,12
240,2022-02-05,3 wk ahead inc death,2022-02-25,quantile,0.9,02,14
241,2022-02-05,3 wk ahead inc death,2022-02-25,quantile,0.975,02,16
242,2022-02-05,4 wk ahead inc death,2022-03-04,quantile,0.025,02,1
243,2022-02-05,4 wk ahead inc death,2022-03-04,quantile,0.1,02,5
244,2022-02-05,4 wk ahead inc death,2022-03-04,quantile,0.5,02,11
245,2022-02-05,4 wk ahead inc death,2022-03-04,quantile,0.75,02,13
246,2022-02-05,4 wk ahead inc death,2022-03-04,quantile,0.9,02,16
247,2022-02-05,4 wk ahead inc death,2022-03-04,quantile,0.975,02,19
248,2022-02-05,1 wk ahead inc death,2022-02-11,quantile,0.025,04,314
249,2022-02-05,1 wk ahead inc death,2022-02-11,quantile,0.1,04,343
250,2022-02-05,1 wk ahead inc death,2022-02-11,quantile,0.5,04,408
251,2022-02-05,1 wk ahead inc death,2022-02-11,quantile,0.75,04,437
252,2022-02-05,1 wk ahead inc death,2022-02-11,quantile,0.9,04,470
253,2022-02-05,1 wk ahead inc death,2022-02-11,quantile,0.975,04,509
254,2022-02-05,2 wk ahead inc death,2022-02-18,quantile,0.025,04,270
255,2022-02-05,2 wk ahead inc death,2022-02-18,quantile,0.1,04,313
256,2022-02-05,2 wk ahead inc death,2022-02-18,quantile,0.5,04,381
257,2022-02-05,2 wk ahead inc death,2022-02-18,quantile,0.75,04,427
258,2022-02-05,2 wk ahead inc death,2022-02-18,quantile,0.9,04,469
259,2022-02-05,2 wk ahead inc death,2022-02-18,quantile,0.975,04,510
260,2022-02-05,3 wk ahead inc death,2022-02-25,quantile,0.025,04,244
261,2022-02-05,3 wk ahead inc death,2022-02-25,quantile,0.1,04,279
262,2022-02-05,3 wk ahead inc death,2022-02-25,quantile,0.5,04,347
263,2022-02-05,3 wk ahead inc death,2022-02-25,quantile,0.75,04,385
264,2022-02-05,3 wk ahead inc death,2022-02-25,quantile,0.9,04,426
265,2022-02-05,3 wk ahead inc death,2022-02-25,quantile,0.975,04,483
266,2022-02-05,4 wk ahead inc death,2022-03-04,quantile,0.025,04,220
267,2022-02-05,4 wk ahead inc death,2022-03-04,quantile,0.1,04,247
268,2022-02-05,4 wk ahead inc death,2022-03-04,quantile,0.5,04,310
269,2022-02-05,4 wk ahead inc death,2022-03-04,quantile,0.75,04,355
270,2022-02-05,4 wk ahead inc death,2022-03-04,quantile,0.9,04,406
271,2022-02-05,4 wk ahead inc death,2022-03-04,quantile,0.975,04,458
272,2022-02-05,1 wk ahead inc death,2022-02-11,quantile,0.025,05,146
273,2022-02-05,1 wk ahead inc death,2022-02-11,quantile,0.1,05,155
274,2022-02-05,1 wk ahead inc death,2022-02-11,quantile,0.5,05,179
275,2022-02-05,1 wk ahead inc death,2022-02-11,quantile,0.75,05,193
276,2022-02-05,1 wk ahead inc death,2022-02-11,quantile,0.9,05,206
277,2022-02-05,1 wk ahead inc death,2022-02-11,quantile,0.975,05,227
278,2022-02-05,2 wk ahead inc death,2022-02-18,quantile,0.025,05,148
279,2022-02-05,2 wk ahead inc death,2022-02-18,quantile,0.1,05,165
280,2022-02-05,2 wk ahead inc death,2022-02-18,quantile,0.5,05,204
281,2022-02-05,2 wk ahead inc death,2022-02-18,quantile,0.75,05,227
282,2022-02-05,2 wk ahead inc death,2022-02-18,quantile,0.9,05,245
283,2022-02-05,2 wk ahead inc death,2022-02-18,quantile,0.975,05,265
284,2022-02-05,3 wk ahead inc death,2022-02-25,quantile,0.025,05,154
285,2022-02-05,3 wk ahead inc death,2022-02-25,quantile,0.1,05,172
286,2022-02-05,3 wk ahead inc death,2022-02-25,quantile,0.5,05,220
287,2022-02-05,3 wk ahead inc death,2022-02-25,quantile,0.75,05,249
288,2022-02-05,3 wk ahead inc death,2022-02-25,quantile,0.9,05,282
289,2022-02-05,3 wk ahead inc death,2022-02-25,quantile,0.975,05,307
290,2022-02-05,4 wk ahead inc death,2022-03-04,quantile,0.025,05,148
291,2022-02-05,4 wk ahead inc death,2022-03-04,quantile,0.1,05,174
292,2022-02-05,4 wk ahead inc death,2022-03-04,quantile,0.5,05,228
293,2022-02-05,4 wk ahead inc death,2022-03-04,quantile,0.75,05,260
294,2022-02-05,4 wk ahead inc death,2022-03-04,quantile,0.9,05,285
295,2022-02-05,4 wk ahead inc death,2022-03-04,quantile,0.975,05,329
296,2022-02-05,1 wk ahead inc death,2022-02-11,quantile,0.025,06,875
297,2022-02-05,1 wk ahead inc death,2022-02-11,quantile,0.1,06,1021
298,2022-02-05,1 wk ahead inc death,2022-02-11,quantile,0.5,06,1301
299,2022-02-05,1 wk ahead inc death,2022-02-11,quantile,0.75,06,1424
300,2022-02-05,1 wk ahead inc death,2022-02-11,quantile,0.9,06,1519
301,2022-02-05,1 wk ahead inc death,2022-02-11,quantile,0.975,06,1613
302,2022-02-05,2 wk ahead inc death,2022-02-18,quantile,0.025,06,938
303,2022-02-05,2 wk ahead inc death,2022-02-18,quantile,0.1,06,1063
304,2022-02-05,2 wk ahead inc death,2022-02-18,quantile,0.5,06,1394
305,2022-02-05,2 wk ahead inc death,2022-02-18,quantile,0.75,06,1540
306,2022-02-05,2 wk ahead inc death,2022-02-18,quantile,0.9,06,1745
307,2022-02-05,2 wk ahead inc death,2022-02-18,quantile,0.975,06,1940
308,2022-02-05,3 wk ahead inc death,2022-02-25,quantile,0.025,06,863
309,2022-02-05,3 wk ahead inc death,2022-02-25,quantile,0.1,06,995
310,2022-02-05,3 wk ahead inc death,2022-02-25,quantile,0.5,06,1250
311,2022-02-05,3 wk ahead inc death,2022-02-25,quantile,0.75,06,1381
312,2022-02-05,3 wk ahead inc death,2022-02-25,quantile,0.9,06,1543
313,2022-02-05,3 wk ahead inc death,2022-02-25,quantile,0.975,06,1769
314,2022-02-05,4 wk ahead inc death,2022-03-04,quantile,0.025,06,681
315,2022-02-05,4 wk ahead inc death,2022-03-04,quantile,0.1,06,791
316,2022-02-05,4 wk ahead inc death,2022-03-04,quantile,0.5,06,1097
317,2022-02-05,4 wk ahead inc death,2022-03-04,quantile,0.75,06,1244
318,2022-02-05,4 wk ahead inc death,2022-03-04,quantile,0.9,06,1412
319,2022-02-05,4 wk ahead inc death,2022-03-04,quantile,0.975,06,1627
320,2022-02-05,1 wk ahead inc death,2022-02-11,quantile,0.025,08,104
321,2022-02-05,1 wk ahead inc death,2022-02-11,quantile,0.1,08,112
322,2022-02-05,1 wk ahead inc death,2022-02-11,quantile,0.5,08,133
323,2022-02-05,1 wk ahead inc death,2022-02-11,quantile,0.75,08,146
324,2022-02-05,1 wk ahead inc death,2022-02-11,quantile,0.9,08,160
325,2022-02-05,1 wk ahead inc death,2022-02-11,quantile,0.975,08,172
326,2022-02-05,2 wk ahead inc death,2022-02-18,quantile,0.025,08,81
327,2022-02-05,2 wk ahead inc death,2022-02-18,quantile,0.1,08,96
328,2022-02-05,2 wk ahead inc death,2022-02-18,quantile,0.5,08,116
329,2022-02-05,2 wk ahead inc death,2022-02-18,quantile,0.75,08,129
330,2022-02-05,2 wk ahead inc death,2022-02-18,quantile,0.9,08,143
331,2022-02-05,2 wk ahead inc death,2022-02-18,quantile,0.975,08,157
332,2022-02-05,3 wk ahead inc death,2022-02-25,quantile,0.025,08,61
333,2022-02-05,3 wk ahead inc death,2022-02-25,quantile,0.1,08,70
334,2022-02-05,3 wk ahead inc death,2022-02-25,quantile,0.5,08,91
335,2022-02-05,3 wk ahead inc death,2022-02-25,quantile,0.75,08,102
336,2022-02-05,3 wk ahead inc death,2022-02-25,quantile,0.9,08,117
337,2022-02-05,3 wk ahead inc death,2022-02-25,quantile,0.975,08,129
338,2022-02-05,4 wk ahead inc death,2022-03-04,quantile,0.025,08,70
339,2022-02-05,4 wk ahead inc death,2022-03-04,quantile,0.1,08,82
340,2022-02-05,4 wk ahead inc death,2022-03-04,quantile,0.5,08,109
341,2022-02-05,4 wk ahead inc death,2022-03-04,quantile,0.75,08,124
342,2022-02-05,4 wk ahead inc death,2022-03-04,quantile,0.9,08,141
343,2022-02-05,4 wk ahead inc death,2022-03-04,quantile,0.975,08,157
344,2022-02-05,1 wk ahead inc death,2022-02-11,quantile,0.025,09,135
345,2022-02-05,1 wk ahead inc death,2022-02-11,quantile,0.1,09,157
346,2022-02-05,1 wk ahead inc death,2022-02-11,quantile,0.5,09,190
347,2022-02-05,1 wk ahead inc death,2022-02-11,quantile,0.75,09,209
348,2022-02-05,1 wk ahead inc death,2022-02-11,quantile,0.9,09,226
349,2022-02-05,1 wk ahead inc death,2022-02-11,quantile,0.975,09,243
350,2022-02-05,2 wk ahead inc death,2022-02-18,quantile,0.025,09,132
351,2022-02-05,2 wk ahead inc death,2022-02-18,quantile,0.1,09,144
352,2022-02-05,2 wk ahead inc death,2022-02-18,quantile,0.5,09,180
353,2022-02-05,2 wk ahead inc death,2022-02-18,quantile,0.75,09,199
354,2022-02-05,2 wk ahead inc death,2022-02-18,quantile,0.9,09,215
355,2022-02-05,2 wk ahead inc death,2022-02-18,quantile,0.975,09,243
356,2022-02-05,3 wk ahead inc death,2022-02-25,quantile,0.025,09,122
357,2022-02-05,3 wk ahead inc death,2022-02-25,quantile,0.1,09,142
358,2022-02-05,3 wk ahead inc death,2022-02-25,quantile,0.5,09,182
359,2022-02-05,3 wk ahead inc death,2022-02-25,quantile,0.75,09,206
360,2022-02-05,3 wk ahead inc death,2022-02-25,quantile,0.9,09,232
361,2022-02-05,3 wk ahead inc death,2022-02-25,quantile,0.975,09,251
362,2022-02-05,4 wk ahead inc death,2022-03-04,quantile,0.025,09,125
363,2022-02-05,4 wk ahead inc death,2022-03-04,quantile,0.1,09,145
364,2022-02-05,4 wk ahead inc death,2022-03-04,quantile,0.5,09,186
365,2022-02-05,4 wk ahead inc death,2022-03-04,quantile,0.75,09,215
366,2022-02-05,4 wk ahead inc death,2022-03-04,quantile,0.9,09,243
367,2022-02-05,4 wk ahead inc death,2022-03-04,quantile,0.975,09,284
368,2022-02-05,1 wk ahead inc death,2022-02-11,quantile,0.025,10,32
369,2022-02-05,1 wk ahead inc death,2022-02-11,quantile,0.1,10,36
370,2022-02-05,1 wk ahead inc death,2022-02-11,quantile,0.5,10,42
371,2022-02-05,1 wk ahead inc death,2022-02-11,quantile,0.75,10,46
372,2022-02-05,1 wk ahead inc death,2022-02-11,quantile,0.9,10,50
373,2022-02-05,1 wk ahead inc death,2022-02-11,quantile,0.975,10,53
374,2022-02-05,2 wk ahead inc death,2022-02-18,quantile,0.025,10,30
375,2022-02-05,2 wk ahead inc death,2022-02-18,quantile,0.1,10,32
376,2022-02-05,2 wk ahead inc death,2022-02-18,quantile,0.5,10,41
377,2022-02-05,2 wk ahead inc death,2022-02-18,quantile,0.75,10,44
378,2022-02-05,2 wk ahead inc death,2022-02-18,quantile,0.9,10,48
379,2022-02-05,2 wk ahead inc death,2022-02-18,quantile,0.975,10,53
380,2022-02-05,3 wk ahead inc death,2022-02-25,quantile,0.025,10,24
381,2022-02-05,3 wk ahead inc death,2022-02-25,quantile,0.1,10,28
382,2022-02-05,3 wk ahead inc death,2022-02-25,quantile,0.5,10,35
383,2022-02-05,3 wk ahead inc death,2022-02-25,quantile,0.75,10,39
384,2022-02-05,3 wk ahead inc death,2022-02-25,quantile,0.9,10,43
385,2022-02-05,3 wk ahead inc death,2022-02-25,quantile,0.975,10,47
386,2022-02-05,4 wk ahead inc death,2022-03-04,quantile,0.025,10,27
387,2022-02-05,4 wk ahead inc death,2022-03-04,quantile,0.1,10,30
388,2022-02-05,4 wk ahead inc death,2022-03-04,quantile,0.5,10,37
389,2022-02-05,4 wk ahead inc death,2022-03-04,quantile,0.75,10,43
390,2022-02-05,4 wk ahead inc death,2022-03-04,quantile,0.9,10,49
391,2022-02-05,4 wk ahead inc death,2022-03-04,quantile,0.975,10,57
392,2022-02-05,1 wk ahead inc death,2022-02-11,quantile,0.025,12,991
393,2022-02-05,1 wk ahead inc death,2022-02-11,quantile,0.1,12,1125
394,2022-02-05,1 wk ahead inc death,2022-02-11,quantile,0.5,12,1371
395,2022-02-05,1 wk ahead inc death,2022-02-11,quantile,0.75,12,1504
396,2022-02-05,1 wk ahead inc death,2022-02-11,quantile,0.9,12,1620
397,2022-02-05,1 wk ahead inc death,2022-02-11,quantile,0.975,12,1795
398,2022-02-05,2 wk ahead inc death,2022-02-18,quantile,0.025,12,988
399,2022-02-05,2 wk ahead inc death,2022-02-18,quantile,0.1,12,1170
400,2022-02-05,2 wk ahead inc death,2022-02-18,quantile,0.5,12,1449
401,2022-02-05,2 wk ahead inc death,2022-02-18,quantile,0.75,12,1684
402,2022-02-05,2 wk ahead inc death,2022-02-18,quantile,0.9,12,1860
403,2022-02-05,2 wk ahead inc death,2022-02-18,quantile,0.975,12,2175
404,2022-02-05,3 wk ahead inc death,2022-02-25,quantile,0.025,12,890
405,2022-02-05,3 wk ahead inc death,2022-02-25,quantile,0.1,12,1009
406,2022-02-05,3 wk ahead inc death,2022-02-25,quantile,0.5,12,1351
407,2022-02-05,3 wk ahead inc death,2022-02-25,quantile,0.75,12,1600
408,2022-02-05,3 wk ahead inc death,2022-02-25,quantile,0.9,12,1887
409,2022-02-05,3 wk ahead inc death,2022-02-25,quantile,0.975,12,2176
410,2022-02-05,4 wk ahead inc death,2022-03-04,quantile,0.025,12,732
411,2022-02-05,4 wk ahead inc death,2022-03-04,quantile,0.1,12,872
412,2022-02-05,4 wk ahead inc death,2022-03-04,quantile,0.5,12,1223
413,2022-02-05,4 wk ahead inc death,2022-03-04,quantile,0.75,12,1472
414,2022-02-05,4 wk ahead inc death,2022-03-04,quantile,0.9,12,1729
415,2022-02-05,4 wk ahead inc death,2022-03-04,quantile,0.975,12,2030
416,2022-02-05,1 wk ahead inc death,2022-02-11,quantile,0.025,13,373
417,2022-02-05,1 wk ahead inc death,2022-02-11,quantile,0.1,13,410
418,2022-02-05,1 wk ahead inc death,2022-02-11,quantile,0.5,13,490
419,2022-02-05,1 wk ahead inc death,2022-02-11,quantile,0.75,13,528
420,2022-02-05,1 wk ahead inc death,2022-02-11,quantile,0.9,13,568
421,2022-02-05,1 wk ahead inc death,2022-02-11,quantile,0.975,13,603
422,2022-02-05,2 wk ahead inc death,2022-02-18,quantile,0.025,13,330
423,2022-02-05,2 wk ahead inc death,2022-02-18,quantile,0.1,13,375
424,2022-02-05,2 wk ahead inc death,2022-02-18,quantile,0.5,13,450
425,2022-02-05,2 wk ahead inc death,2022-02-18,quantile,0.75,13,493
426,2022-02-05,2 wk ahead inc death,2022-02-18,quantile,0.9,13,535
427,2022-02-05,2 wk ahead inc death,2022-02-18,quantile,0.975,13,601
428,2022-02-05,3 wk ahead inc death,2022-02-25,quantile,0.025,13,298
429,2022-02-05,3 wk ahead inc death,2022-02-25,quantile,0.1,13,334
430,2022-02-05,3 wk ahead inc death,2022-02-25,quantile,0.5,13,414
431,2022-02-05,3 wk ahead inc death,2022-02-25,quantile,0.75,13,464
432,2022-02-05,3 wk ahead inc death,2022-02-25,quantile,0.9,13,504
433,2022-02-05,3 wk ahead inc death,2022-02-25,quantile,0.975,13,583
434,2022-02-05,4 wk ahead inc death,2022-03-04,quantile,0.025,13,275
435,2022-02-05,4 wk ahead inc death,2022-03-04,quantile,0.1,13,310
436,2022-02-05,4 wk ahead inc death,2022-03-04,quantile,0.5,13,393
437,2022-02-05,4 wk ahead inc death,2022-03-04,quantile,0.75,13,456
438,2022-02-05,4 wk ahead inc death,2022-03-04,quantile,0.9,13,503
439,2022-02-05,4 wk ahead inc death,2022-03-04,quantile,0.975,13,583
440,2022-02-05,1 wk ahead inc death,2022-02-11,quantile,0.025,15,32
441,2022-02-05,1 wk ahead inc death,2022-02-11,quantile,0.1,15,36
442,2022-02-05,1 wk ahead inc death,2022-02-11,quantile,0.5,15,45
443,2022-02-05,1 wk ahead inc death,2022-02-11,quantile,0.75,15,49
444,2022-02-05,1 wk ahead inc death,2022-02-11,quantile,0.9,15,54
445,2022-02-05,1 wk ahead inc death,2022-02-11,quantile,0.975,15,57
446,2022-02-05,2 wk ahead inc death,2022-02-18,quantile,0.025,15,34
447,2022-02-05,2 wk ahead inc death,2022-02-18,quantile,0.1,15,40
448,2022-02-05,2 wk ahead inc death,2022-02-18,quantile,0.5,15,50
449,2022-02-05,2 wk ahead inc death,2022-02-18,quantile,0.75,15,56
450,2022-02-05,2 wk ahead inc death,2022-02-18,quantile,0.9,15,61
451,2022-02-05,2 wk ahead inc death,2022-02-18,quantile,0.975,15,65
452,2022-02-05,3 wk ahead inc death,2022-02-25,quantile,0.025,15,40
453,2022-02-05,3 wk ahead inc death,2022-02-25,quantile,0.1,15,46
454,2022-02-05,3 wk ahead inc death,2022-02-25,quantile,0.5,15,59
455,2022-02-05,3 wk ahead inc death,2022-02-25,quantile,0.75,15,65
456,2022-02-05,3 wk ahead inc death,2022-02-25,quantile,0.9,15,71
457,2022-02-05,3 wk ahead inc death,2022-02-25,quantile,0.975,15,78
458,2022-02-05,4 wk ahead inc death,2022-03-04,quantile,0.025,15,45
459,2022-02-05,4 wk ahead inc death,2022-03-04,quantile,0.1,15,52
460,2022-02-05,4 wk ahead inc death,2022-03-04,quantile,0.5,15,65
461,2022-02-05,4 wk ahead inc death,2022-03-04,quantile,0.75,15,74
462,2022-02-05,4 wk ahead inc death,2022-03-04,quantile,0.9,15,81
463,2022-02-05,4 wk ahead inc death,2022-03-04,quantile,0.975,15,94
464,2022-02-05,1 wk ahead inc death,2022-02-11,quantile,0.025,16,60
465,2022-02-05,1 wk ahead inc death,2022-02-11,quantile,0.1,16,67
466,2022-02-05,1 wk ahead inc death,2022-02-11,quantile,0.5,16,77
467,2022-02-05,1 wk ahead inc death,2022-02-11,quantile,0.75,16,84
468,2022-02-05,1 wk ahead inc death,2022-02-11,quantile,0.9,16,90
469,2022-02-05,1 wk ahead inc death,2022-02-11,quantile,0.975,16,94
470,2022-02-05,2 wk ahead inc death,2022-02-18,quantile,0.025,16,49
471,2022-02-05,2 wk ahead inc death,2022-02-18,quantile,0.1,16,56
472,2022-02-05,2 wk ahead inc death,2022-02-18,quantile,0.5,16,68
473,2022-02-05,2 wk ahead inc death,2022-02-18,quantile,0.75,16,76
474,2022-02-05,2 wk ahead inc death,2022-02-18,quantile,0.9,16,83
475,2022-02-05,2 wk ahead inc death,2022-02-18,quantile,0.975,16,89
476,2022-02-05,3 wk ahead inc death,2022-02-25,quantile,0.025,16,40
477,2022-02-05,3 wk ahead inc death,2022-02-25,quantile,0.1,16,49
478,2022-02-05,3 wk ahead inc death,2022-02-25,quantile,0.5,16,63
479,2022-02-05,3 wk ahead inc death,2022-02-25,quantile,0.75,16,70
480,2022-02-05,3 wk ahead inc death,2022-02-25,quantile,0.9,16,79
481,2022-02-05,3 wk ahead inc death,2022-02-25,quantile,0.975,16,89
482,2022-02-05,4 wk ahead inc death,2022-03-04,quantile,0.025,16,35
483,2022-02-05,4 wk ahead inc death,2022-03-04,quantile,0.1,16,43
484,2022-02-05,4 wk ahead inc death,2022-03-04,quantile,0.5,16,57
485,2022-02-05,4 wk ahead inc death,2022-03-04,quantile,0.75,16,64
486,2022-02-05,4 wk ahead inc death,2022-03-04,quantile,0.9,16,71
487,2022-02-05,4 wk ahead inc death,2022-03-04,quantile,0.975,16,81
488,2022-02-05,1 wk ahead inc death,2022-02-11,quantile,0.025,17,429
489,2022-02-05,1 wk ahead inc death,2022-02-11,quantile,0.1,17,466
490,2022-02-05,1 wk ahead inc death,2022-02-11,quantile,0.5,17,561
491,2022-02-05,1 wk ahead inc death,2022-02-11,quantile,0.75,17,602
492,2022-02-05,1 wk ahead inc death,2022-02-11,quantile,0.9,17,644
493,2022-02-05,1 wk ahead inc death,2022-02-11,quantile,0.975,17,684
494,2022-02-05,2 wk ahead inc death,2022-02-18,quantile,0.025,17,412
495,2022-02-05,2 wk ahead inc death,2022-02-18,quantile,0.1,17,456
496,2022-02-05,2 wk ahead inc death,2022-02-18,quantile,0.5,17,547
497,2022-02-05,2 wk ahead inc death,2022-02-18,quantile,0.75,17,605
498,2022-02-05,2 wk ahead inc death,2022-02-18,quantile,0.9,17,654
499,2022-02-05,2 wk ahead inc death,2022-02-18,quantile,0.975,17,762
500,2022-02-05,3 wk ahead inc death,2022-02-25,quantile,0.025,17,373
501,2022-02-05,3 wk ahead inc death,2022-02-25,quantile,0.1,17,432
502,2022-02-05,3 wk ahead inc death,2022-02-25,quantile,0.5,17,540
503,2022-02-05,3 wk ahead inc death,2022-02-25,quantile,0.75,17,598
504,2022-02-05,3 wk ahead inc death,2022-02-25,quantile,0.9,17,653
505,2022-02-05,3 wk ahead inc death,2022-02-25,quantile,0.975,17,778
506,2022-02-05,4 wk ahead inc death,2022-03-04,quantile,0.025,17,340
507,2022-02-05,4 wk ahead inc death,2022-03-04,quantile,0.1,17,374
508,2022-02-05,4 wk ahead inc death,2022-03-04,quantile,0.5,17,466
509,2022-02-05,4 wk ahead inc death,2022-03-04,quantile,0.75,17,534
510,2022-02-05,4 wk ahead inc death,2022-03-04,quantile,0.9,17,599
511,2022-02-05,4 wk ahead inc death,2022-03-04,quantile,0.975,17,681
512,2022-02-05,1 wk ahead inc death,2022-02-11,quantile,0.025,18,272
513,2022-02-05,1 wk ahead inc death,2022-02-11,quantile,0.1,18,302
514,2022-02-05,1 wk ahead inc death,2022-02-11,quantile,0.5,18,371
515,2022-02-05,1 wk ahead inc death,2022-02-11,quantile,0.75,18,401
516,2022-02-05,1 wk ahead inc death,2022-02-11,quantile,0.9,18,426
517,2022-02-05,1 wk ahead inc death,2022-02-11,quantile,0.975,18,449
518,2022-02-05,2 wk ahead inc death,2022-02-18,quantile,0.025,18,248
519,2022-02-05,2 wk ahead inc death,2022-02-18,quantile,0.1,18,288
520,2022-02-05,2 wk ahead inc death,2022-02-18,quantile,0.5,18,347
521,2022-02-05,2 wk ahead inc death,2022-02-18,quantile,0.75,18,385
522,2022-02-05,2 wk ahead inc death,2022-02-18,quantile,0.9,18,419
523,2022-02-05,2 wk ahead inc death,2022-02-18,quantile,0.975,18,470
524,2022-02-05,3 wk ahead inc death,2022-02-25,quantile,0.025,18,233
525,2022-02-05,3 wk ahead inc death,2022-02-25,quantile,0.1,18,263
526,2022-02-05,3 wk ahead inc death,2022-02-25,quantile,0.5,18,331
527,2022-02-05,3 wk ahead inc death,2022-02-25,quantile,0.75,18,368
528,2022-02-05,3 wk ahead inc death,2022-02-25,quantile,0.9,18,414
529,2022-02-05,3 wk ahead inc death,2022-02-25,quantile,0.975,18,467
530,2022-02-05,4 wk ahead inc death,2022-03-04,quantile,0.025,18,216
531,2022-02-05,4 wk ahead inc death,2022-03-04,quantile,0.1,18,251
532,2022-02-05,4 wk ahead inc death,2022-03-04,quantile,0.5,18,322
533,2022-02-05,4 wk ahead inc death,2022-03-04,quantile,0.75,18,367
534,2022-02-05,4 wk ahead inc death,2022-03-04,quantile,0.9,18,413
535,2022-02-05,4 wk ahead inc death,2022-03-04,quantile,0.975,18,463
536,2022-02-05,1 wk ahead inc death,2022-02-11,quantile,0.025,19,147
537,2022-02-05,1 wk ahead inc death,2022-02-11,quantile,0.1,19,164
538,2022-02-05,1 wk ahead inc death,2022-02-11,quantile,0.5,19,192
539,2022-02-05,1 wk ahead inc death,2022-02-11,quantile,0.75,19,208
540,2022-02-05,1 wk ahead inc death,2022-02-11,quantile,0.9,19,224
541,2022-02-05,1 wk ahead inc death,2022-02-11,quantile,0.975,19,244
542,2022-02-05,2 wk ahead inc death,2022-02-18,quantile,0.025,19,155
543,2022-02-05,2 wk ahead inc death,2022-02-18,quantile,0.1,19,167
544,2022-02-05,2 wk ahead inc death,2022-02-18,quantile,0.5,19,200
545,2022-02-05,2 wk ahead inc death,2022-02-18,quantile,0.75,19,219
546,2022-02-05,2 wk ahead inc death,2022-02-18,quantile,0.9,19,239
547,2022-02-05,2 wk ahead inc death,2022-02-18,quantile,0.975,19,253
548,2022-02-05,3 wk ahead inc death,2022-02-25,quantile,0.025,19,150
549,2022-02-05,3 wk ahead inc death,2022-02-25,quantile,0.1,19,164
550,2022-02-05,3 wk ahead inc death,2022-02-25,quantile,0.5,19,206
551,2022-02-05,3 wk ahead inc death,2022-02-25,quantile,0.75,19,229
552,2022-02-05,3 wk ahead inc death,2022-02-25,quantile,0.9,19,254
553,2022-02-05,3 wk ahead inc death,2022-02-25,quantile,0.975,19,284
554,2022-02-05,4 wk ahead inc death,2022-03-04,quantile,0.025,19,142
555,2022-02-05,4 wk ahead inc death,2022-03-04,quantile,0.1,19,166
556,2022-02-05,4 wk ahead inc death,2022-03-04,quantile,0.5,19,209
557,2022-02-05,4 wk ahead inc death,2022-03-04,quantile,0.75,19,236
558,2022-02-05,4 wk ahead inc death,2022-03-04,quantile,0.9,19,270
559,2022-02-05,4 wk ahead inc death,2022-03-04,quantile,0.975,19,319
560,2022-02-05,1 wk ahead inc death,2022-02-11,quantile,0.025,20,147
561,2022-02-05,1 wk ahead inc death,2022-02-11,quantile,0.1,20,159
562,2022-02-05,1 wk ahead inc death,2022-02-11,quantile,0.5,20,188
563,2022-02-05,1 wk ahead inc death,2022-02-11,quantile,0.75,20,205
564,2022-02-05,1 wk ahead inc death,2022-02-11,quantile,0.9,20,219
565,2022-02-05,1 wk ahead inc death,2022-02-11,quantile,0.975,20,237
566,2022-02-05,2 wk ahead inc death,2022-02-18,quantile,0.025,20,140
567,2022-02-05,2 wk ahead inc death,2022-02-18,quantile,0.1,20,151
568,2022-02-05,2 wk ahead inc death,2022-02-18,quantile,0.5,20,189
569,2022-02-05,2 wk ahead inc death,2022-02-18,quantile,0.75,20,213
570,2022-02-05,2 wk ahead inc death,2022-02-18,quantile,0.9,20,230
571,2022-02-05,2 wk ahead inc death,2022-02-18,quantile,0.975,20,243
572,2022-02-05,3 wk ahead inc death,2022-02-25,quantile,0.025,20,123
573,2022-02-05,3 wk ahead inc death,2022-02-25,quantile,0.1,20,140
574,2022-02-05,3 wk ahead inc death,2022-02-25,quantile,0.5,20,182
575,2022-02-05,3 wk ahead inc death,2022-02-25,quantile,0.75,20,206
576,2022-02-05,3 wk ahead inc death,2022-02-25,quantile,0.9,20,231
577,2022-02-05,3 wk ahead inc death,2022-02-25,quantile,0.975,20,260
578,2022-02-05,4 wk ahead inc death,2022-03-04,quantile,0.025,20,121
579,2022-02-05,4 wk ahead inc death,2022-03-04,quantile,0.1,20,142
580,2022-02-05,4 wk ahead inc death,2022-03-04,quantile,0.5,20,176
581,2022-02-05,4 wk ahead inc death,2022-03-04,quantile,0.75,20,201
582,2022-02-05,4 wk ahead inc death,2022-03-04,quantile,0.9,20,228
583,2022-02-05,4 wk ahead inc death,2022-03-04,quantile,0.975,20,267
584,2022-02-05,1 wk ahead inc death,2022-02-11,quantile,0.025,21,154
585,2022-02-05,1 wk ahead inc death,2022-02-11,quantile,0.1,21,166
586,2022-02-05,1 wk ahead inc death,2022-02-11,quantile,0.5,21,199
587,2022-02-05,1 wk ahead inc death,2022-02-11,quantile,0.75,21,215
588,2022-02-05,1 wk ahead inc death,2022-02-11,quantile,0.9,21,231
589,2022-02-05,1 wk ahead inc death,2022-02-11,quantile,0.975,21,257
590,2022-02-05,2 wk ahead inc death,2022-02-18,quantile,0.025,21,171
591,2022-02-05,2 wk ahead inc death,2022-02-18,quantile,0.1,21,188
592,2022-02-05,2 wk ahead inc death,2022-02-18,quantile,0.5,21,227
593,2022-02-05,2 wk ahead inc death,2022-02-18,quantile,0.75,21,253
594,2022-02-05,2 wk ahead inc death,2022-02-18,quantile,0.9,21,275
595,2022-02-05,2 wk ahead inc death,2022-02-18,quantile,0.975,21,304
596,2022-02-05,3 wk ahead inc death,2022-02-25,quantile,0.025,21,178
597,2022-02-05,3 wk ahead inc death,2022-02-25,quantile,0.1,21,201
598,2022-02-05,3 wk ahead inc death,2022-02-25,quantile,0.5,21,246
599,2022-02-05,3 wk ahead inc death,2022-02-25,quantile,0.75,21,276
600,2022-02-05,3 wk ahead inc death,2022-02-25,quantile,0.9,21,304
601,2022-02-05,3 wk ahead inc death,2022-02-25,quantile,0.975,21,338
602,2022-02-05,4 wk ahead inc death,2022-03-04,quantile,0.025,21,172
603,2022-02-05,4 wk ahead inc death,2022-03-04,quantile,0.1,21,192
604,2022-02-05,4 wk ahead inc death,2022-03-04,quantile,0.5,21,252
605,2022-02-05,4 wk ahead inc death,2022-03-04,quantile,0.75,21,283
606,2022-02-05,4 wk ahead inc death,2022-03-04,quantile,0.9,21,307
607,2022-02-05,4 wk ahead inc death,2022-03-04,quantile,0.975,21,348
608,2022-02-05,1 wk ahead inc death,2022-02-11,quantile,0.025,22,194
609,2022-02-05,1 wk ahead inc death,2022-02-11,quantile,0.1,22,207
610,2022-02-05,1 wk ahead inc death,2022-02-11,quantile,0.5,22,241
611,2022-02-05,1 wk ahead inc death,2022-02-11,quantile,0.75,22,261
612,2022-02-05,1 wk ahead inc death,2022-02-11,quantile,0.9,22,276
613,2022-02-05,1 wk ahead inc death,2022-02-11,quantile,0.975,22,294
614,2022-02-05,2 wk ahead inc death,2022-02-18,quantile,0.025,22,170
615,2022-02-05,2 wk ahead inc death,2022-02-18,quantile,0.1,22,193
616,2022-02-05,2 wk ahead inc death,2022-02-18,quantile,0.5,22,231
617,2022-02-05,2 wk ahead inc death,2022-02-18,quantile,0.75,22,255
618,2022-02-05,2 wk ahead inc death,2022-02-18,quantile,0.9,22,273
619,2022-02-05,2 wk ahead inc death,2022-02-18,quantile,0.975,22,310
620,2022-02-05,3 wk ahead inc death,2022-02-25,quantile,0.025,22,158
621,2022-02-05,3 wk ahead inc death,2022-02-25,quantile,0.1,22,180
622,2022-02-05,3 wk ahead inc death,2022-02-25,quantile,0.5,22,226
623,2022-02-05,3 wk ahead inc death,2022-02-25,quantile,0.75,22,256
624,2022-02-05,3 wk ahead inc death,2022-02-25,quantile,0.9,22,280
625,2022-02-05,3 wk ahead inc death,2022-02-25,quantile,0.975,22,298
626,2022-02-05,4 wk ahead inc death,2022-03-04,quantile,0.025,22,148
627,2022-02-05,4 wk ahead inc death,2022-03-04,quantile,0.1,22,177
628,2022-02-05,4 wk ahead inc death,2022-03-04,quantile,0.5,22,226
629,2022-02-05,4 wk ahead inc death,2022-03-04,quantile,0.75,22,254
630,2022-02-05,4 wk ahead inc death,2022-03-04,quantile,0.9,22,279
631,2022-02-05,4 wk ahead inc death,2022-03-04,quantile,0.975,22,315
632,2022-02-05,1 wk ahead inc death,2022-02-11,quantile,0.025,23,43
633,2022-02-05,1 wk ahead inc death,2022-02-11,quantile,0.1,23,48
634,2022-02-05,1 wk ahead inc death,2022-02-11,quantile,0.5,23,58
635,2022-02-05,1 wk ahead inc death,2022-02-11,quantile,0.75,23,64
636,2022-02-05,1 wk ahead inc death,2022-02-11,quantile,0.9,23,69
637,2022-02-05,1 wk ahead inc death,2022-02-11,quantile,0.975,23,74
638,2022-02-05,2 wk ahead inc death,2022-02-18,quantile,0.025,23,47
639,2022-02-05,2 wk ahead inc death,2022-02-18,quantile,0.1,23,52
640,2022-02-05,2 wk ahead inc death,2022-02-18,quantile,0.5,23,66
641,2022-02-05,2 wk ahead inc death,2022-02-18,quantile,0.75,23,73
642,2022-02-05,2 wk ahead inc death,2022-02-18,quantile,0.9,23,83
643,2022-02-05,2 wk ahead inc death,2022-02-18,quantile,0.975,23,90
644,2022-02-05,3 wk ahead inc death,2022-02-25,quantile,0.025,23,52
645,2022-02-05,3 wk ahead inc death,2022-02-25,quantile,0.1,23,56
646,2022-02-05,3 wk ahead inc death,2022-02-25,quantile,0.5,23,75
647,2022-02-05,3 wk ahead inc death,2022-02-25,quantile,0.75,23,90
648,2022-02-05,3 wk ahead inc death,2022-02-25,quantile,0.9,23,102
649,2022-02-05,3 wk ahead inc death,2022-02-25,quantile,0.975,23,121
650,2022-02-05,4 wk ahead inc death,2022-03-04,quantile,0.025,23,52
651,2022-02-05,4 wk ahead inc death,2022-03-04,quantile,0.1,23,60
652,2022-02-05,4 wk ahead inc death,2022-03-04,quantile,0.5,23,86
653,2022-02-05,4 wk ahead inc death,2022-03-04,quantile,0.75,23,104
654,2022-02-05,4 wk ahead inc death,2022-03-04,quantile,0.9,23,125
655,2022-02-05,4 wk ahead inc death,2022-03-04,quantile,0.975,23,158
656,2022-02-05,1 wk ahead inc death,2022-02-11,quantile,0.025,24,148
657,2022-02-05,1 wk ahead inc death,2022-02-11,quantile,0.1,24,166
658,2022-02-05,1 wk ahead inc death,2022-02-11,quantile,0.5,24,196
659,2022-02-05,1 wk ahead inc death,2022-02-11,quantile,0.75,24,214
660,2022-02-05,1 wk ahead inc death,2022-02-11,quantile,0.9,24,231
661,2022-02-05,1 wk ahead inc death,2022-02-11,quantile,0.975,24,253
662,2022-02-05,2 wk ahead inc death,2022-02-18,quantile,0.025,24,122
663,2022-02-05,2 wk ahead inc death,2022-02-18,quantile,0.1,24,134
664,2022-02-05,2 wk ahead inc death,2022-02-18,quantile,0.5,24,171
665,2022-02-05,2 wk ahead inc death,2022-02-18,quantile,0.75,24,191
666,2022-02-05,2 wk ahead inc death,2022-02-18,quantile,0.9,24,207
667,2022-02-05,2 wk ahead inc death,2022-02-18,quantile,0.975,24,227
668,2022-02-05,3 wk ahead inc death,2022-02-25,quantile,0.025,24,104
669,2022-02-05,3 wk ahead inc death,2022-02-25,quantile,0.1,24,124
670,2022-02-05,3 wk ahead inc death,2022-02-25,quantile,0.5,24,158
671,2022-02-05,3 wk ahead inc death,2022-02-25,quantile,0.75,24,176
672,2022-02-05,3 wk ahead inc death,2022-02-25,quantile,0.9,24,194
673,2022-02-05,3 wk ahead inc death,2022-02-25,quantile,0.975,24,210
674,2022-02-05,4 wk ahead inc death,2022-03-04,quantile,0.025,24,109
675,2022-02-05,4 wk ahead inc death,2022-03-04,quantile,0.1,24,127
676,2022-02-05,4 wk ahead inc death,2022-03-04,quantile,0.5,24,160
677,2022-02-05,4 wk ahead inc death,2022-03-04,quantile,0.75,24,181
678,2022-02-05,4 wk ahead inc death,2022-03-04,quantile,0.9,24,201
679,2022-02-05,4 wk ahead inc death,2022-03-04,quantile,0.975,24,229
680,2022-02-05,1 wk ahead inc death,2022-02-11,quantile,0.025,25,362
681,2022-02-05,1 wk ahead inc death,2022-02-11,quantile,0.1,25,392
682,2022-02-05,1 wk ahead inc death,2022-02-11,quantile,0.5,25,462
683,2022-02-05,1 wk ahead inc death,2022-02-11,quantile,0.75,25,504
684,2022-02-05,1 wk ahead inc death,2022-02-11,quantile,0.9,25,547
685,2022-02-05,1 wk ahead inc death,2022-02-11,quantile,0.975,25,592
686,2022-02-05,2 wk ahead inc death,2022-02-18,quantile,0.025,25,288
687,2022-02-05,2 wk ahead inc death,2022-02-18,quantile,0.1,25,329
688,2022-02-05,2 wk ahead inc death,2022-02-18,quantile,0.5,25,412
689,2022-02-05,2 wk ahead inc death,2022-02-18,quantile,0.75,25,459
690,2022-02-05,2 wk ahead inc death,2022-02-18,quantile,0.9,25,498
691,2022-02-05,2 wk ahead inc death,2022-02-18,quantile,0.975,25,565
692,2022-02-05,3 wk ahead inc death,2022-02-25,quantile,0.025,25,258
693,2022-02-05,3 wk ahead inc death,2022-02-25,quantile,0.1,25,290
694,2022-02-05,3 wk ahead inc death,2022-02-25,quantile,0.5,25,379
695,2022-02-05,3 wk ahead inc death,2022-02-25,quantile,0.75,25,436
696,2022-02-05,3 wk ahead inc death,2022-02-25,quantile,0.9,25,493
697,2022-02-05,3 wk ahead inc death,2022-02-25,quantile,0.975,25,570
698,2022-02-05,4 wk ahead inc death,2022-03-04,quantile,0.025,25,244
699,2022-02-05,4 wk ahead inc death,2022-03-04,quantile,0.1,25,281
700,2022-02-05,4 wk ahead inc death,2022-03-04,quantile,0.5,25,370
701,2022-02-05,4 wk ahead inc death,2022-03-04,quantile,0.75,25,436
702,2022-02-05,4 wk ahead inc death,2022-03-04,quantile,0.9,25,496
703,2022-02-05,4 wk ahead inc death,2022-03-04,quantile,0.975,25,558
704,2022-02-05,1 wk ahead inc death,2022-02-11,quantile,0.025,26,504
705,2022-02-05,1 wk ahead inc death,2022-02-11,quantile,0.1,26,560
706,2022-02-05,1 wk ahead inc death,2022-02-11,quantile,0.5,26,656
707,2022-02-05,1 wk ahead inc death,2022-02-11,quantile,0.75,26,718
708,2022-02-05,1 wk ahead inc death,2022-02-11,quantile,0.9,26,755
709,2022-02-05,1 wk ahead inc death,2022-02-11,quantile,0.975,26,808
710,2022-02-05,2 wk ahead inc death,2022-02-18,quantile,0.025,26,471
711,2022-02-05,2 wk ahead inc death,2022-02-18,quantile,0.1,26,511
712,2022-02-05,2 wk ahead inc death,2022-02-18,quantile,0.5,26,611
713,2022-02-05,2 wk ahead inc death,2022-02-18,quantile,0.75,26,667
714,2022-02-05,2 wk ahead inc death,2022-02-18,quantile,0.9,26,726
715,2022-02-05,2 wk ahead inc death,2022-02-18,quantile,0.975,26,825
716,2022-02-05,3 wk ahead inc death,2022-02-25,quantile,0.025,26,434
717,2022-02-05,3 wk ahead inc death,2022-02-25,quantile,0.1,26,485
718,2022-02-05,3 wk ahead inc death,2022-02-25,quantile,0.5,26,604
719,2022-02-05,3 wk ahead inc death,2022-02-25,quantile,0.75,26,673
720,2022-02-05,3 wk ahead inc death,2022-02-25,quantile,0.9,26,744
721,2022-02-05,3 wk ahead inc death,2022-02-25,quantile,0.975,26,850
722,2022-02-05,4 wk ahead inc death,2022-03-04,quantile,0.025,26,442
723,2022-02-05,4 wk ahead inc death,2022-03-04,quantile,0.1,26,485
724,2022-02-05,4 wk ahead inc death,2022-03-04,quantile,0.5,26,609
725,2022-02-05,4 wk ahead inc death,2022-03-04,quantile,0.75,26,680
726,2022-02-05,4 wk ahead inc death,2022-03-04,quantile,0.9,26,773
727,2022-02-05,4 wk ahead inc death,2022-03-04,quantile,0.975,26,889
728,2022-02-05,1 wk ahead inc death,2022-02-11,quantile,0.025,27,170
729,2022-02-05,1 wk ahead inc death,2022-02-11,quantile,0.1,27,188
730,2022-02-05,1 wk ahead inc death,2022-02-11,quantile,0.5,27,221
731,2022-02-05,1 wk ahead inc death,2022-02-11,quantile,0.75,27,241
732,2022-02-05,1 wk ahead inc death,2022-02-11,quantile,0.9,27,255
733,2022-02-05,1 wk ahead inc death,2022-02-11,quantile,0.975,27,280
734,2022-02-05,2 wk ahead inc death,2022-02-18,quantile,0.025,27,156
735,2022-02-05,2 wk ahead inc death,2022-02-18,quantile,0.1,27,172
736,2022-02-05,2 wk ahead inc death,2022-02-18,quantile,0.5,27,209
737,2022-02-05,2 wk ahead inc death,2022-02-18,quantile,0.75,27,234
738,2022-02-05,2 wk ahead inc death,2022-02-18,quantile,0.9,27,253
739,2022-02-05,2 wk ahead inc death,2022-02-18,quantile,0.975,27,271
740,2022-02-05,3 wk ahead inc death,2022-02-25,quantile,0.025,27,135
741,2022-02-05,3 wk ahead inc death,2022-02-25,quantile,0.1,27,153
742,2022-02-05,3 wk ahead inc death,2022-02-25,quantile,0.5,27,193
743,2022-02-05,3 wk ahead inc death,2022-02-25,quantile,0.75,27,214
744,2022-02-05,3 wk ahead inc death,2022-02-25,quantile,0.9,27,235
745,2022-02-05,3 wk ahead inc death,2022-02-25,quantile,0.975,27,263
746,2022-02-05,4 wk ahead inc death,2022-03-04,quantile,0.025,27,134
747,2022-02-05,4 wk ahead inc death,2022-03-04,quantile,0.1,27,150
748,2022-02-05,4 wk ahead inc death,2022-03-04,quantile,0.5,27,193
749,2022-02-05,4 wk ahead inc death,2022-03-04,quantile,0.75,27,223
750,2022-02-05,4 wk ahead inc death,2022-03-04,quantile,0.9,27,249
751,2022-02-05,4 wk ahead inc death,2022-03-04,quantile,0.975,27,292
752,2022-02-05,1 wk ahead inc death,2022-02-11,quantile,0.025,28,227
753,2022-02-05,1 wk ahead inc death,2022-02-11,quantile,0.1,28,251
754,2022-02-05,1 wk ahead inc death,2022-02-11,quantile,0.5,28,298
755,2022-02-05,1 wk ahead inc death,2022-02-11,quantile,0.75,28,317
756,2022-02-05,1 wk ahead inc death,2022-02-11,quantile,0.9,28,338
757,2022-02-05,1 wk ahead inc death,2022-02-11,quantile,0.975,28,359
758,2022-02-05,2 wk ahead inc death,2022-02-18,quantile,0.025,28,209
759,2022-02-05,2 wk ahead inc death,2022-02-18,quantile,0.1,28,234
760,2022-02-05,2 wk ahead inc death,2022-02-18,quantile,0.5,28,286
761,2022-02-05,2 wk ahead inc death,2022-02-18,quantile,0.75,28,315
762,2022-02-05,2 wk ahead inc death,2022-02-18,quantile,0.9,28,347
763,2022-02-05,2 wk ahead inc death,2022-02-18,quantile,0.975,28,377
764,2022-02-05,3 wk ahead inc death,2022-02-25,quantile,0.025,28,183
765,2022-02-05,3 wk ahead inc death,2022-02-25,quantile,0.1,28,210
766,2022-02-05,3 wk ahead inc death,2022-02-25,quantile,0.5,28,267
767,2022-02-05,3 wk ahead inc death,2022-02-25,quantile,0.75,28,307
768,2022-02-05,3 wk ahead inc death,2022-02-25,quantile,0.9,28,337
769,2022-02-05,3 wk ahead inc death,2022-02-25,quantile,0.975,28,377
770,2022-02-05,4 wk ahead inc death,2022-03-04,quantile,0.025,28,166
771,2022-02-05,4 wk ahead inc death,2022-03-04,quantile,0.1,28,188
772,2022-02-05,4 wk ahead inc death,2022-03-04,quantile,0.5,28,248
773,2022-02-05,4 wk ahead inc death,2022-03-04,quantile,0.75,28,286
774,2022-02-05,4 wk ahead inc death,2022-03-04,quantile,0.9,28,319
775,2022-02-05,4 wk ahead inc death,2022-03-04,quantile,0.975,28,387
776,2022-02-05,1 wk ahead inc death,2022-02-11,quantile,0.025,29,371
777,2022-02-05,1 wk ahead inc death,2022-02-11,quantile,0.1,29,412
778,2022-02-05,1 wk ahead inc death,2022-02-11,quantile,0.5,29,479
779,2022-02-05,1 wk ahead inc death,2022-02-11,quantile,0.75,29,517
780,2022-02-05,1 wk ahead inc death,2022-02-11,quantile,0.9,29,552
781,2022-02-05,1 wk ahead inc death,2022-02-11,quantile,0.975,29,589
782,2022-02-05,2 wk ahead inc death,2022-02-18,quantile,0.025,29,360
783,2022-02-05,2 wk ahead inc death,2022-02-18,quantile,0.1,29,402
784,2022-02-05,2 wk ahead inc death,2022-02-18,quantile,0.5,29,482
785,2022-02-05,2 wk ahead inc death,2022-02-18,quantile,0.75,29,547
786,2022-02-05,2 wk ahead inc death,2022-02-18,quantile,0.9,29,585
787,2022-02-05,2 wk ahead inc death,2022-02-18,quantile,0.975,29,639
788,2022-02-05,3 wk ahead inc death,2022-02-25,quantile,0.025,29,342
789,2022-02-05,3 wk ahead inc death,2022-02-25,quantile,0.1,29,380
790,2022-02-05,3 wk ahead inc death,2022-02-25,quantile,0.5,29,479
791,2022-02-05,3 wk ahead inc death,2022-02-25,quantile,0.75,29,542
792,2022-02-05,3 wk ahead inc death,2022-02-25,quantile,0.9,29,607
793,2022-02-05,3 wk ahead inc death,2022-02-25,quantile,0.975,29,708
794,2022-02-05,4 wk ahead inc death,2022-03-04,quantile,0.025,29,325
795,2022-02-05,4 wk ahead inc death,2022-03-04,quantile,0.1,29,363
796,2022-02-05,4 wk ahead inc death,2022-03-04,quantile,0.5,29,454
797,2022-02-05,4 wk ahead inc death,2022-03-04,quantile,0.75,29,531
798,2022-02-05,4 wk ahead inc death,2022-03-04,quantile,0.9,29,604
799,2022-02-05,4 wk ahead inc death,2022-03-04,quantile,0.975,29,708
800,2022-02-05,1 wk ahead inc death,2022-02-11,quantile,0.025,30,39
801,2022-02-05,1 wk ahead inc death,2022-02-11,quantile,0.1,30,44
802,2022-02-05,1 wk ahead inc death,2022-02-11,quantile,0.5,30,54
803,2022-02-05,1 wk ahead inc death,2022-02-11,quantile,0.75,30,59
804,2022-02-05,1 wk ahead inc death,2022-02-11,quantile,0.9,30,64
805,2022-02-05,1 wk ahead inc death,2022-02-11,quantile,0.975,30,68
806,2022-02-05,2 wk ahead inc death,2022-02-18,quantile,0.025,30,41
807,2022-02-05,2 wk ahead inc death,2022-02-18,quantile,0.1,30,48
808,2022-02-05,2 wk ahead inc death,2022-02-18,quantile,0.5,30,65
809,2022-02-05,2 wk ahead inc death,2022-02-18,quantile,0.75,30,72
810,2022-02-05,2 wk ahead inc death,2022-02-18,quantile,0.9,30,80
811,2022-02-05,2 wk ahead inc death,2022-02-18,quantile,0.975,30,86
812,2022-02-05,3 wk ahead inc death,2022-02-25,quantile,0.025,30,44
813,2022-02-05,3 wk ahead inc death,2022-02-25,quantile,0.1,30,55
814,2022-02-05,3 wk ahead inc death,2022-02-25,quantile,0.5,30,73
815,2022-02-05,3 wk ahead inc death,2022-02-25,quantile,0.75,30,85
816,2022-02-05,3 wk ahead inc death,2022-02-25,quantile,0.9,30,98
817,2022-02-05,3 wk ahead inc death,2022-02-25,quantile,0.975,30,113
818,2022-02-05,4 wk ahead inc death,2022-03-04,quantile,0.025,30,39
819,2022-02-05,4 wk ahead inc death,2022-03-04,quantile,0.1,30,58
820,2022-02-05,4 wk ahead inc death,2022-03-04,quantile,0.5,30,81
821,2022-02-05,4 wk ahead inc death,2022-03-04,quantile,0.75,30,94
822,2022-02-05,4 wk ahead inc death,2022-03-04,quantile,0.9,30,109
823,2022-02-05,4 wk ahead inc death,2022-03-04,quantile,0.975,30,127
824,2022-02-05,1 wk ahead inc death,2022-02-11,quantile,0.025,31,58
825,2022-02-05,1 wk ahead inc death,2022-02-11,quantile,0.1,31,64
826,2022-02-05,1 wk ahead inc death,2022-02-11,quantile,0.5,31,74
827,2022-02-05,1 wk ahead inc death,2022-02-11,quantile,0.75,31,79
828,2022-02-05,1 wk ahead inc death,2022-02-11,quantile,0.9,31,85
829,2022-02-05,1 wk ahead inc death,2022-02-11,quantile,0.975,31,92
830,2022-02-05,2 wk ahead inc death,2022-02-18,quantile,0.025,31,48
831,2022-02-05,2 wk ahead inc death,2022-02-18,quantile,0.1,31,54
832,2022-02-05,2 wk ahead inc death,2022-02-18,quantile,0.5,31,64
833,2022-02-05,2 wk ahead inc death,2022-02-18,quantile,0.75,31,71
834,2022-02-05,2 wk ahead inc death,2022-02-18,quantile,0.9,31,77
835,2022-02-05,2 wk ahead inc death,2022-02-18,quantile,0.975,31,83
836,2022-02-05,3 wk ahead inc death,2022-02-25,quantile,0.025,31,45
837,2022-02-05,3 wk ahead inc death,2022-02-25,quantile,0.1,31,49
838,2022-02-05,3 wk ahead inc death,2022-02-25,quantile,0.5,31,61
839,2022-02-05,3 wk ahead inc death,2022-02-25,quantile,0.75,31,68
840,2022-02-05,3 wk ahead inc death,2022-02-25,quantile,0.9,31,73
841,2022-02-05,3 wk ahead inc death,2022-02-25,quantile,0.975,31,79
842,2022-02-05,4 wk ahead inc death,2022-03-04,quantile,0.025,31,44
843,2022-02-05,4 wk ahead inc death,2022-03-04,quantile,0.1,31,48
844,2022-02-05,4 wk ahead inc death,2022-03-04,quantile,0.5,31,63
845,2022-02-05,4 wk ahead inc death,2022-03-04,quantile,0.75,31,70
846,2022-02-05,4 wk ahead inc death,2022-03-04,quantile,0.9,31,77
847,2022-02-05,4 wk ahead inc death,2022-03-04,quantile,0.975,31,86
848,2022-02-05,1 wk ahead inc death,2022-02-11,quantile,0.025,32,179
849,2022-02-05,1 wk ahead inc death,2022-02-11,quantile,0.1,32,199
850,2022-02-05,1 wk ahead inc death,2022-02-11,quantile,0.5,32,236
851,2022-02-05,1 wk ahead inc death,2022-02-11,quantile,0.75,32,254
852,2022-02-05,1 wk ahead inc death,2022-02-11,quantile,0.9,32,270
853,2022-02-05,1 wk ahead inc death,2022-02-11,quantile,0.975,32,293
854,2022-02-05,2 wk ahead inc death,2022-02-18,quantile,0.025,32,163
855,2022-02-05,2 wk ahead inc death,2022-02-18,quantile,0.1,32,179
856,2022-02-05,2 wk ahead inc death,2022-02-18,quantile,0.5,32,221
857,2022-02-05,2 wk ahead inc death,2022-02-18,quantile,0.75,32,246
858,2022-02-05,2 wk ahead inc death,2022-02-18,quantile,0.9,32,263
859,2022-02-05,2 wk ahead inc death,2022-02-18,quantile,0.975,32,291
860,2022-02-05,3 wk ahead inc death,2022-02-25,quantile,0.025,32,149
861,2022-02-05,3 wk ahead inc death,2022-02-25,quantile,0.1,32,167
862,2022-02-05,3 wk ahead inc death,2022-02-25,quantile,0.5,32,210
863,2022-02-05,3 wk ahead inc death,2022-02-25,quantile,0.75,32,236
864,2022-02-05,3 wk ahead inc death,2022-02-25,quantile,0.9,32,262
865,2022-02-05,3 wk ahead inc death,2022-02-25,quantile,0.975,32,293
866,2022-02-05,4 wk ahead inc death,2022-03-04,quantile,0.025,32,134
867,2022-02-05,4 wk ahead inc death,2022-03-04,quantile,0.1,32,154
868,2022-02-05,4 wk ahead inc death,2022-03-04,quantile,0.5,32,200
869,2022-02-05,4 wk ahead inc death,2022-03-04,quantile,0.75,32,225
870,2022-02-05,4 wk ahead inc death,2022-03-04,quantile,0.9,32,249
871,2022-02-05,4 wk ahead inc death,2022-03-04,quantile,0.975,32,278
872,2022-02-05,1 wk ahead inc death,2022-02-11,quantile,0.025,33,45
873,2022-02-05,1 wk ahead inc death,2022-02-11,quantile,0.1,33,48
874,2022-02-05,1 wk ahead inc death,2022-02-11,quantile,0.5,33,58
875,2022-02-05,1 wk ahead inc death,2022-02-11,quantile,0.75,33,65
876,2022-02-05,1 wk ahead inc death,2022-02-11,quantile,0.9,33,69
877,2022-02-05,1 wk ahead inc death,2022-02-11,quantile,0.975,33,76
878,2022-02-05,2 wk ahead inc death,2022-02-18,quantile,0.025,33,48
879,2022-02-05,2 wk ahead inc death,2022-02-18,quantile,0.1,33,55
880,2022-02-05,2 wk ahead inc death,2022-02-18,quantile,0.5,33,67
881,2022-02-05,2 wk ahead inc death,2022-02-18,quantile,0.75,33,74
882,2022-02-05,2 wk ahead inc death,2022-02-18,quantile,0.9,33,81
883,2022-02-05,2 wk ahead inc death,2022-02-18,quantile,0.975,33,87
884,2022-02-05,3 wk ahead inc death,2022-02-25,quantile,0.025,33,53
885,2022-02-05,3 wk ahead inc death,2022-02-25,quantile,0.1,33,60
886,2022-02-05,3 wk ahead inc death,2022-02-25,quantile,0.5,33,74
887,2022-02-05,3 wk ahead inc death,2022-02-25,quantile,0.75,33,84
888,2022-02-05,3 wk ahead inc death,2022-02-25,quantile,0.9,33,93
889,2022-02-05,3 wk ahead inc death,2022-02-25,quantile,0.975,33,105
890,2022-02-05,4 wk ahead inc death,2022-03-04,quantile,0.025,33,52
891,2022-02-05,4 wk ahead inc death,2022-03-04,quantile,0.1,33,63
892,2022-02-05,4 wk ahead inc death,2022-03-04,quantile,0.5,33,81
893,2022-02-05,4 wk ahead inc death,2022-03-04,quantile,0.75,33,96
894,2022-02-05,4 wk ahead inc death,2022-03-04,quantile,0.9,33,111
895,2022-02-05,4 wk ahead inc death,2022-03-04,quantile,0.975,33,126
896,2022-02-05,1 wk ahead inc death,2022-02-11,quantile,0.025,34,377
897,2022-02-05,1 wk ahead inc death,2022-02-11,quantile,0.1,34,414
898,2022-02-05,1 wk ahead inc death,2022-02-11,quantile,0.5,34,490
899,2022-02-05,1 wk ahead inc death,2022-02-11,quantile,0.75,34,538
900,2022-02-05,1 wk ahead inc death,2022-02-11,quantile,0.9,34,579
901,2022-02-05,1 wk ahead inc death,2022-02-11,quantile,0.975,34,634
902,2022-02-05,2 wk ahead inc death,2022-02-18,quantile,0.025,34,304
903,2022-02-05,2 wk ahead inc death,2022-02-18,quantile,0.1,34,354
904,2022-02-05,2 wk ahead inc death,2022-02-18,quantile,0.5,34,435
905,2022-02-05,2 wk ahead inc death,2022-02-18,quantile,0.75,34,482
906,2022-02-05,2 wk ahead inc death,2022-02-18,quantile,0.9,34,532
907,2022-02-05,2 wk ahead inc death,2022-02-18,quantile,0.975,34,577
908,2022-02-05,3 wk ahead inc death,2022-02-25,quantile,0.025,34,278
909,2022-02-05,3 wk ahead inc death,2022-02-25,quantile,0.1,34,319
910,2022-02-05,3 wk ahead inc death,2022-02-25,quantile,0.5,34,423
911,2022-02-05,3 wk ahead inc death,2022-02-25,quantile,0.75,34,473
912,2022-02-05,3 wk ahead inc death,2022-02-25,quantile,0.9,34,530
913,2022-02-05,3 wk ahead inc death,2022-02-25,quantile,0.975,34,587
914,2022-02-05,4 wk ahead inc death,2022-03-04,quantile,0.025,34,288
915,2022-02-05,4 wk ahead inc death,2022-03-04,quantile,0.1,34,336
916,2022-02-05,4 wk ahead inc death,2022-03-04,quantile,0.5,34,431
917,2022-02-05,4 wk ahead inc death,2022-03-04,quantile,0.75,34,487
918,2022-02-05,4 wk ahead inc death,2022-03-04,quantile,0.9,34,531
919,2022-02-05,4 wk ahead inc death,2022-03-04,quantile,0.975,34,601
920,2022-02-05,1 wk ahead inc death,2022-02-11,quantile,0.025,35,80
921,2022-02-05,1 wk ahead inc death,2022-02-11,quantile,0.1,35,90
922,2022-02-05,1 wk ahead inc death,2022-02-11,quantile,0.5,35,109
923,2022-02-05,1 wk ahead inc death,2022-02-11,quantile,0.75,35,119
924,2022-02-05,1 wk ahead inc death,2022-02-11,quantile,0.9,35,128
925,2022-02-05,1 wk ahead inc death,2022-02-11,quantile,0.975,35,135
926,2022-02-05,2 wk ahead inc death,2022-02-18,quantile,0.025,35,70
927,2022-02-05,2 wk ahead inc death,2022-02-18,quantile,0.1,35,79
928,2022-02-05,2 wk ahead inc death,2022-02-18,quantile,0.5,35,99
929,2022-02-05,2 wk ahead inc death,2022-02-18,quantile,0.75,35,110
930,2022-02-05,2 wk ahead inc death,2022-02-18,quantile,0.9,35,121
931,2022-02-05,2 wk ahead inc death,2022-02-18,quantile,0.975,35,130
932,2022-02-05,3 wk ahead inc death,2022-02-25,quantile,0.025,35,58
933,2022-02-05,3 wk ahead inc death,2022-02-25,quantile,0.1,35,68
934,2022-02-05,3 wk ahead inc death,2022-02-25,quantile,0.5,35,88
935,2022-02-05,3 wk ahead inc death,2022-02-25,quantile,0.75,35,103
936,2022-02-05,3 wk ahead inc death,2022-02-25,quantile,0.9,35,114
937,2022-02-05,3 wk ahead inc death,2022-02-25,quantile,0.975,35,136
938,2022-02-05,4 wk ahead inc death,2022-03-04,quantile,0.025,35,52
939,2022-02-05,4 wk ahead inc death,2022-03-04,quantile,0.1,35,67
940,2022-02-05,4 wk ahead inc death,2022-03-04,quantile,0.5,35,87
941,2022-02-05,4 wk ahead inc death,2022-03-04,quantile,0.75,35,103
942,2022-02-05,4 wk ahead inc death,2022-03-04,quantile,0.9,35,120
943,2022-02-05,4 wk ahead inc death,2022-03-04,quantile,0.975,35,143
944,2022-02-05,1 wk ahead inc death,2022-02-11,quantile,0.025,36,482
945,2022-02-05,1 wk ahead inc death,2022-02-11,quantile,0.1,36,526
946,2022-02-05,1 wk ahead inc death,2022-02-11,quantile,0.5,36,637
947,2022-02-05,1 wk ahead inc death,2022-02-11,quantile,0.75,36,701
948,2022-02-05,1 wk ahead inc death,2022-02-11,quantile,0.9,36,753
949,2022-02-05,1 wk ahead inc death,2022-02-11,quantile,0.975,36,811
950,2022-02-05,2 wk ahead inc death,2022-02-18,quantile,0.025,36,416
951,2022-02-05,2 wk ahead inc death,2022-02-18,quantile,0.1,36,467
952,2022-02-05,2 wk ahead inc death,2022-02-18,quantile,0.5,36,580
953,2022-02-05,2 wk ahead inc death,2022-02-18,quantile,0.75,36,644
954,2022-02-05,2 wk ahead inc death,2022-02-18,quantile,0.9,36,712
955,2022-02-05,2 wk ahead inc death,2022-02-18,quantile,0.975,36,782
956,2022-02-05,3 wk ahead inc death,2022-02-25,quantile,0.025,36,384
957,2022-02-05,3 wk ahead inc death,2022-02-25,quantile,0.1,36,430
958,2022-02-05,3 wk ahead inc death,2022-02-25,quantile,0.5,36,546
959,2022-02-05,3 wk ahead inc death,2022-02-25,quantile,0.75,36,616
960,2022-02-05,3 wk ahead inc death,2022-02-25,quantile,0.9,36,686
961,2022-02-05,3 wk ahead inc death,2022-02-25,quantile,0.975,36,776
962,2022-02-05,4 wk ahead inc death,2022-03-04,quantile,0.025,36,369
963,2022-02-05,4 wk ahead inc death,2022-03-04,quantile,0.1,36,413
964,2022-02-05,4 wk ahead inc death,2022-03-04,quantile,0.5,36,536
965,2022-02-05,4 wk ahead inc death,2022-03-04,quantile,0.75,36,620
966,2022-02-05,4 wk ahead inc death,2022-03-04,quantile,0.9,36,698
967,2022-02-05,4 wk ahead inc death,2022-03-04,quantile,0.975,36,816
968,2022-02-05,1 wk ahead inc death,2022-02-11,quantile,0.025,37,407
969,2022-02-05,1 wk ahead inc death,2022-02-11,quantile,0.1,37,440
970,2022-02-05,1 wk ahead inc death,2022-02-11,quantile,0.5,37,520
971,2022-02-05,1 wk ahead inc death,2022-02-11,quantile,0.75,37,563
972,2022-02-05,1 wk ahead inc death,2022-02-11,quantile,0.9,37,604
973,2022-02-05,1 wk ahead inc death,2022-02-11,quantile,0.975,37,658
974,2022-02-05,2 wk ahead inc death,2022-02-18,quantile,0.025,37,402
975,2022-02-05,2 wk ahead inc death,2022-02-18,quantile,0.1,37,469
976,2022-02-05,2 wk ahead inc death,2022-02-18,quantile,0.5,37,566
977,2022-02-05,2 wk ahead inc death,2022-02-18,quantile,0.75,37,616
978,2022-02-05,2 wk ahead inc death,2022-02-18,quantile,0.9,37,670
979,2022-02-05,2 wk ahead inc death,2022-02-18,quantile,0.975,37,736
980,2022-02-05,3 wk ahead inc death,2022-02-25,quantile,0.025,37,423
981,2022-02-05,3 wk ahead inc death,2022-02-25,quantile,0.1,37,488
982,2022-02-05,3 wk ahead inc death,2022-02-25,quantile,0.5,37,596
983,2022-02-05,3 wk ahead inc death,2022-02-25,quantile,0.75,37,649
984,2022-02-05,3 wk ahead inc death,2022-02-25,quantile,0.9,37,719
985,2022-02-05,3 wk ahead inc death,2022-02-25,quantile,0.975,37,830
986,2022-02-05,4 wk ahead inc death,2022-03-04,quantile,0.025,37,417
987,2022-02-05,4 wk ahead inc death,2022-03-04,quantile,0.1,37,477
988,2022-02-05,4 wk ahead inc death,2022-03-04,quantile,0.5,37,604
989,2022-02-05,4 wk ahead inc death,2022-03-04,quantile,0.75,37,675
990,2022-02-05,4 wk ahead inc death,2022-03-04,quantile,0.9,37,755
991,2022-02-05,4 wk ahead inc death,2022-03-04,quantile,0.975,37,890
992,2022-02-05,1 wk ahead inc death,2022-02-11,quantile,0.025,38,31
993,2022-02-05,1 wk ahead inc death,2022-02-11,quantile,0.1,38,33
994,2022-02-05,1 wk ahead inc death,2022-02-11,quantile,0.5,38,40
995,2022-02-05,1 wk ahead inc death,2022-02-11,quantile,0.75,38,43
996,2022-02-05,1 wk ahead inc death,2022-02-11,quantile,0.9,38,46
997,2022-02-05,1 wk ahead inc death,2022-02-11,quantile,0.975,38,49
998,2022-02-05,2 wk ahead inc death,2022-02-18,quantile,0.025,38,32
999,2022-02-05,2 wk ahead inc death,2022-02-18,quantile,0.1,38,36
1000,2022-02-05,2 wk ahead inc death,2022-02-18,quantile,0.5,38,45
1001,2022-02-05,2 wk ahead inc death,2022-02-18,quantile,0.75,38,49
1002,2022-02-05,2 wk ahead inc death,2022-02-18,quantile,0.9,38,53
1003,2022-02-05,2 wk ahead inc death,2022-02-18,quantile,0.975,38,58
1004,2022-02-05,3 wk ahead inc death,2022-02-25,quantile,0.025,38,33
1005,2022-02-05,3 wk ahead inc death,2022-02-25,quantile,0.1,38,38
1006,2022-02-05,3 wk ahead inc death,2022-02-25,quantile,0.5,38,47
1007,2022-02-05,3 wk ahead inc death,2022-02-25,quantile,0.75,38,52
1008,2022-02-05,3 wk ahead inc death,2022-02-25,quantile,0.9,38,58
1009,2022-02-05,3 wk ahead inc death,2022-02-25,quantile,0.975,38,65
1010,2022-02-05,4 wk ahead inc death,2022-03-04,quantile,0.025,38,30
1011,2022-02-05,4 wk ahead inc death,2022-03-04,quantile,0.1,38,37
1012,2022-02-05,4 wk ahead inc death,2022-03-04,quantile,0.5,38,48
1013,2022-02-05,4 wk ahead inc death,2022-03-04,quantile,0.75,38,55
1014,2022-02-05,4 wk ahead inc death,2022-03-04,quantile,0.9,38,61
1015,2022-02-05,4 wk ahead inc death,2022-03-04,quantile,0.975,38,71
1016,2022-02-05,1 wk ahead inc death,2022-02-11,quantile,0.025,39,114
1017,2022-02-05,1 wk ahead inc death,2022-02-11,quantile,0.1,39,128
1018,2022-02-05,1 wk ahead inc death,2022-02-11,quantile,0.5,39,157
1019,2022-02-05,1 wk ahead inc death,2022-02-11,quantile,0.75,39,170
1020,2022-02-05,1 wk ahead inc death,2022-02-11,quantile,0.9,39,183
1021,2022-02-05,1 wk ahead inc death,2022-02-11,quantile,0.975,39,199
1022,2022-02-05,2 wk ahead inc death,2022-02-18,quantile,0.025,39,109
1023,2022-02-05,2 wk ahead inc death,2022-02-18,quantile,0.1,39,126
1024,2022-02-05,2 wk ahead inc death,2022-02-18,quantile,0.5,39,148
1025,2022-02-05,2 wk ahead inc death,2022-02-18,quantile,0.75,39,164
1026,2022-02-05,2 wk ahead inc death,2022-02-18,quantile,0.9,39,179
1027,2022-02-05,2 wk ahead inc death,2022-02-18,quantile,0.975,39,194
1028,2022-02-05,3 wk ahead inc death,2022-02-25,quantile,0.025,39,92
1029,2022-02-05,3 wk ahead inc death,2022-02-25,quantile,0.1,39,103
1030,2022-02-05,3 wk ahead inc death,2022-02-25,quantile,0.5,39,125
1031,2022-02-05,3 wk ahead inc death,2022-02-25,quantile,0.75,39,141
1032,2022-02-05,3 wk ahead inc death,2022-02-25,quantile,0.9,39,152
1033,2022-02-05,3 wk ahead inc death,2022-02-25,quantile,0.975,39,172
1034,2022-02-05,4 wk ahead inc death,2022-03-04,quantile,0.025,39,85
1035,2022-02-05,4 wk ahead inc death,2022-03-04,quantile,0.1,39,98
1036,2022-02-05,4 wk ahead inc death,2022-03-04,quantile,0.5,39,125
1037,2022-02-05,4 wk ahead inc death,2022-03-04,quantile,0.75,39,139
1038,2022-02-05,4 wk ahead inc death,2022-03-04,quantile,0.9,39,153
1039,2022-02-05,4 wk ahead inc death,2022-03-04,quantile,0.975,39,176
1040,2022-02-05,1 wk ahead inc death,2022-02-11,quantile,0.025,40,240
1041,2022-02-05,1 wk ahead inc death,2022-02-11,quantile,0.1,40,260
1042,2022-02-05,1 wk ahead inc death,2022-02-11,quantile,0.5,40,312
1043,2022-02-05,1 wk ahead inc death,2022-02-11,quantile,0.75,40,339
1044,2022-02-05,1 wk ahead inc death,2022-02-11,quantile,0.9,40,360
1045,2022-02-05,1 wk ahead inc death,2022-02-11,quantile,0.975,40,379
1046,2022-02-05,2 wk ahead inc death,2022-02-18,quantile,0.025,40,228
1047,2022-02-05,2 wk ahead inc death,2022-02-18,quantile,0.1,40,262
1048,2022-02-05,2 wk ahead inc death,2022-02-18,quantile,0.5,40,319
1049,2022-02-05,2 wk ahead inc death,2022-02-18,quantile,0.75,40,354
1050,2022-02-05,2 wk ahead inc death,2022-02-18,quantile,0.9,40,380
1051,2022-02-05,2 wk ahead inc death,2022-02-18,quantile,0.975,40,414
1052,2022-02-05,3 wk ahead inc death,2022-02-25,quantile,0.025,40,219
1053,2022-02-05,3 wk ahead inc death,2022-02-25,quantile,0.1,40,250
1054,2022-02-05,3 wk ahead inc death,2022-02-25,quantile,0.5,40,309
1055,2022-02-05,3 wk ahead inc death,2022-02-25,quantile,0.75,40,345
1056,2022-02-05,3 wk ahead inc death,2022-02-25,quantile,0.9,40,395
1057,2022-02-05,3 wk ahead inc death,2022-02-25,quantile,0.975,40,450
1058,2022-02-05,4 wk ahead inc death,2022-03-04,quantile,0.025,40,192
1059,2022-02-05,4 wk ahead inc death,2022-03-04,quantile,0.1,40,231
1060,2022-02-05,4 wk ahead inc death,2022-03-04,quantile,0.5,40,297
1061,2022-02-05,4 wk ahead inc death,2022-03-04,quantile,0.75,40,339
1062,2022-02-05,4 wk ahead inc death,2022-03-04,quantile,0.9,40,384
1063,2022-02-05,4 wk ahead inc death,2022-03-04,quantile,0.975,40,445
1064,2022-02-05,1 wk ahead inc death,2022-02-11,quantile,0.025,41,88
1065,2022-02-05,1 wk ahead inc death,2022-02-11,quantile,0.1,41,97
1066,2022-02-05,1 wk ahead inc death,2022-02-11,quantile,0.5,41,118
1067,2022-02-05,1 wk ahead inc death,2022-02-11,quantile,0.75,41,128
1068,2022-02-05,1 wk ahead inc death,2022-02-11,quantile,0.9,41,136
1069,2022-02-05,1 wk ahead inc death,2022-02-11,quantile,0.975,41,147
1070,2022-02-05,2 wk ahead inc death,2022-02-18,quantile,0.025,41,80
1071,2022-02-05,2 wk ahead inc death,2022-02-18,quantile,0.1,41,89
1072,2022-02-05,2 wk ahead inc death,2022-02-18,quantile,0.5,41,109
1073,2022-02-05,2 wk ahead inc death,2022-02-18,quantile,0.75,41,120
1074,2022-02-05,2 wk ahead inc death,2022-02-18,quantile,0.9,41,128
1075,2022-02-05,2 wk ahead inc death,2022-02-18,quantile,0.975,41,140
1076,2022-02-05,3 wk ahead inc death,2022-02-25,quantile,0.025,41,74
1077,2022-02-05,3 wk ahead inc death,2022-02-25,quantile,0.1,41,85
1078,2022-02-05,3 wk ahead inc death,2022-02-25,quantile,0.5,41,106
1079,2022-02-05,3 wk ahead inc death,2022-02-25,quantile,0.75,41,119
1080,2022-02-05,3 wk ahead inc death,2022-02-25,quantile,0.9,41,131
1081,2022-02-05,3 wk ahead inc death,2022-02-25,quantile,0.975,41,145
1082,2022-02-05,4 wk ahead inc death,2022-03-04,quantile,0.025,41,68
1083,2022-02-05,4 wk ahead inc death,2022-03-04,quantile,0.1,41,78
1084,2022-02-05,4 wk ahead inc death,2022-03-04,quantile,0.5,41,98
1085,2022-02-05,4 wk ahead inc death,2022-03-04,quantile,0.75,41,110
1086,2022-02-05,4 wk ahead inc death,2022-03-04,quantile,0.9,41,123
1087,2022-02-05,4 wk ahead inc death,2022-03-04,quantile,0.975,41,144
1088,2022-02-05,1 wk ahead inc death,2022-02-11,quantile,0.025,42,684
1089,2022-02-05,1 wk ahead inc death,2022-02-11,quantile,0.1,42,774
1090,2022-02-05,1 wk ahead inc death,2022-02-11,quantile,0.5,42,913
1091,2022-02-05,1 wk ahead inc death,2022-02-11,quantile,0.75,42,986
1092,2022-02-05,1 wk ahead inc death,2022-02-11,quantile,0.9,42,1052
1093,2022-02-05,1 wk ahead inc death,2022-02-11,quantile,0.975,42,1122
1094,2022-02-05,2 wk ahead inc death,2022-02-18,quantile,0.025,42,590
1095,2022-02-05,2 wk ahead inc death,2022-02-18,quantile,0.1,42,668
1096,2022-02-05,2 wk ahead inc death,2022-02-18,quantile,0.5,42,836
1097,2022-02-05,2 wk ahead inc death,2022-02-18,quantile,0.75,42,934
1098,2022-02-05,2 wk ahead inc death,2022-02-18,quantile,0.9,42,1011
1099,2022-02-05,2 wk ahead inc death,2022-02-18,quantile,0.975,42,1107
1100,2022-02-05,3 wk ahead inc death,2022-02-25,quantile,0.025,42,550
1101,2022-02-05,3 wk ahead inc death,2022-02-25,quantile,0.1,42,615
1102,2022-02-05,3 wk ahead inc death,2022-02-25,quantile,0.5,42,779
1103,2022-02-05,3 wk ahead inc death,2022-02-25,quantile,0.75,42,876
1104,2022-02-05,3 wk ahead inc death,2022-02-25,quantile,0.9,42,967
1105,2022-02-05,3 wk ahead inc death,2022-02-25,quantile,0.975,42,1116
1106,2022-02-05,4 wk ahead inc death,2022-03-04,quantile,0.025,42,507
1107,2022-02-05,4 wk ahead inc death,2022-03-04,quantile,0.1,42,583
1108,2022-02-05,4 wk ahead inc death,2022-03-04,quantile,0.5,42,756
1109,2022-02-05,4 wk ahead inc death,2022-03-04,quantile,0.75,42,861
1110,2022-02-05,4 wk ahead inc death,2022-03-04,quantile,0.9,42,985
1111,2022-02-05,4 wk ahead inc death,2022-03-04,quantile,0.975,42,1099
1112,2022-02-05,1 wk ahead inc death,2022-02-11,quantile,0.025,44,38
1113,2022-02-05,1 wk ahead inc death,2022-02-11,quantile,0.1,44,42
1114,2022-02-05,1 wk ahead inc death,2022-02-11,quantile,0.5,44,50
1115,2022-02-05,1 wk ahead inc death,2022-02-11,quantile,0.75,44,54
1116,2022-02-05,1 wk ahead inc death,2022-02-11,quantile,0.9,44,58
1117,2022-02-05,1 wk ahead inc death,2022-02-11,quantile,0.975,44,63
1118,2022-02-05,2 wk ahead inc death,2022-02-18,quantile,0.025,44,33
1119,2022-02-05,2 wk ahead inc death,2022-02-18,quantile,0.1,44,37
1120,2022-02-05,2 wk ahead inc death,2022-02-18,quantile,0.5,44,47
1121,2022-02-05,2 wk ahead inc death,2022-02-18,quantile,0.75,44,51
1122,2022-02-05,2 wk ahead inc death,2022-02-18,quantile,0.9,44,56
1123,2022-02-05,2 wk ahead inc death,2022-02-18,quantile,0.975,44,61
1124,2022-02-05,3 wk ahead inc death,2022-02-25,quantile,0.025,44,32
1125,2022-02-05,3 wk ahead inc death,2022-02-25,quantile,0.1,44,36
1126,2022-02-05,3 wk ahead inc death,2022-02-25,quantile,0.5,44,47
1127,2022-02-05,3 wk ahead inc death,2022-02-25,quantile,0.75,44,54
1128,2022-02-05,3 wk ahead inc death,2022-02-25,quantile,0.9,44,60
1129,2022-02-05,3 wk ahead inc death,2022-02-25,quantile,0.975,44,67
1130,2022-02-05,4 wk ahead inc death,2022-03-04,quantile,0.025,44,25
1131,2022-02-05,4 wk ahead inc death,2022-03-04,quantile,0.1,44,29
1132,2022-02-05,4 wk ahead inc death,2022-03-04,quantile,0.5,44,39
1133,2022-02-05,4 wk ahead inc death,2022-03-04,quantile,0.75,44,46
1134,2022-02-05,4 wk ahead inc death,2022-03-04,quantile,0.9,44,53
1135,2022-02-05,4 wk ahead inc death,2022-03-04,quantile,0.975,44,62
1136,2022-02-05,1 wk ahead inc death,2022-02-11,quantile,0.025,45,311
1137,2022-02-05,1 wk ahead inc death,2022-02-11,quantile,0.1,45,343
1138,2022-02-05,1 wk ahead inc death,2022-02-11,quantile,0.5,45,408
1139,2022-02-05,1 wk ahead inc death,2022-02-11,quantile,0.75,45,438
1140,2022-02-05,1 wk ahead inc death,2022-02-11,quantile,0.9,45,472
1141,2022-02-05,1 wk ahead inc death,2022-02-11,quantile,0.975,45,507
1142,2022-02-05,2 wk ahead inc death,2022-02-18,quantile,0.025,45,308
1143,2022-02-05,2 wk ahead inc death,2022-02-18,quantile,0.1,45,346
1144,2022-02-05,2 wk ahead inc death,2022-02-18,quantile,0.5,45,409
1145,2022-02-05,2 wk ahead inc death,2022-02-18,quantile,0.75,45,452
1146,2022-02-05,2 wk ahead inc death,2022-02-18,quantile,0.9,45,488
1147,2022-02-05,2 wk ahead inc death,2022-02-18,quantile,0.975,45,538
1148,2022-02-05,3 wk ahead inc death,2022-02-25,quantile,0.025,45,298
1149,2022-02-05,3 wk ahead inc death,2022-02-25,quantile,0.1,45,324
1150,2022-02-05,3 wk ahead inc death,2022-02-25,quantile,0.5,45,404
1151,2022-02-05,3 wk ahead inc death,2022-02-25,quantile,0.75,45,458
1152,2022-02-05,3 wk ahead inc death,2022-02-25,quantile,0.9,45,519
1153,2022-02-05,3 wk ahead inc death,2022-02-25,quantile,0.975,45,581
1154,2022-02-05,4 wk ahead inc death,2022-03-04,quantile,0.025,45,262
1155,2022-02-05,4 wk ahead inc death,2022-03-04,quantile,0.1,45,303
1156,2022-02-05,4 wk ahead inc death,2022-03-04,quantile,0.5,45,400
1157,2022-02-05,4 wk ahead inc death,2022-03-04,quantile,0.75,45,469
1158,2022-02-05,4 wk ahead inc death,2022-03-04,quantile,0.9,45,533
1159,2022-02-05,4 wk ahead inc death,2022-03-04,quantile,0.975,45,632
1160,2022-02-05,1 wk ahead inc death,2022-02-11,quantile,0.025,46,43
1161,2022-02-05,1 wk ahead inc death,2022-02-11,quantile,0.1,46,47
1162,2022-02-05,1 wk ahead inc death,2022-02-11,quantile,0.5,46,55
1163,2022-02-05,1 wk ahead inc death,2022-02-11,quantile,0.75,46,59
1164,2022-02-05,1 wk ahead inc death,2022-02-11,quantile,0.9,46,64
1165,2022-02-05,1 wk ahead inc death,2022-02-11,quantile,0.975,46,68
1166,2022-02-05,2 wk ahead inc death,2022-02-18,quantile,0.025,46,43
1167,2022-02-05,2 wk ahead inc death,2022-02-18,quantile,0.1,46,48
1168,2022-02-05,2 wk ahead inc death,2022-02-18,quantile,0.5,46,59
1169,2022-02-05,2 wk ahead inc death,2022-02-18,quantile,0.75,46,64
1170,2022-02-05,2 wk ahead inc death,2022-02-18,quantile,0.9,46,70
1171,2022-02-05,2 wk ahead inc death,2022-02-18,quantile,0.975,46,77
1172,2022-02-05,3 wk ahead inc death,2022-02-25,quantile,0.025,46,43
1173,2022-02-05,3 wk ahead inc death,2022-02-25,quantile,0.1,46,48
1174,2022-02-05,3 wk ahead inc death,2022-02-25,quantile,0.5,46,60
1175,2022-02-05,3 wk ahead inc death,2022-02-25,quantile,0.75,46,68
1176,2022-02-05,3 wk ahead inc death,2022-02-25,quantile,0.9,46,76
1177,2022-02-05,3 wk ahead inc death,2022-02-25,quantile,0.975,46,86
1178,2022-02-05,4 wk ahead inc death,2022-03-04,quantile,0.025,46,39
1179,2022-02-05,4 wk ahead inc death,2022-03-04,quantile,0.1,46,49
1180,2022-02-05,4 wk ahead inc death,2022-03-04,quantile,0.5,46,61
1181,2022-02-05,4 wk ahead inc death,2022-03-04,quantile,0.75,46,72
1182,2022-02-05,4 wk ahead inc death,2022-03-04,quantile,0.9,46,80
1183,2022-02-05,4 wk ahead inc death,2022-03-04,quantile,0.975,46,93
1184,2022-02-05,1 wk ahead inc death,2022-02-11,quantile,0.025,47,507
1185,2022-02-05,1 wk ahead inc death,2022-02-11,quantile,0.1,47,550
1186,2022-02-05,1 wk ahead inc death,2022-02-11,quantile,0.5,47,656
1187,2022-02-05,1 wk ahead inc death,2022-02-11,quantile,0.75,47,712
1188,2022-02-05,1 wk ahead inc death,2022-02-11,quantile,0.9,47,765
1189,2022-02-05,1 wk ahead inc death,2022-02-11,quantile,0.975,47,811
1190,2022-02-05,2 wk ahead inc death,2022-02-18,quantile,0.025,47,468
1191,2022-02-05,2 wk ahead inc death,2022-02-18,quantile,0.1,47,510
1192,2022-02-05,2 wk ahead inc death,2022-02-18,quantile,0.5,47,634
1193,2022-02-05,2 wk ahead inc death,2022-02-18,quantile,0.75,47,706
1194,2022-02-05,2 wk ahead inc death,2022-02-18,quantile,0.9,47,769
1195,2022-02-05,2 wk ahead inc death,2022-02-18,quantile,0.975,47,853
1196,2022-02-05,3 wk ahead inc death,2022-02-25,quantile,0.025,47,402
1197,2022-02-05,3 wk ahead inc death,2022-02-25,quantile,0.1,47,471
1198,2022-02-05,3 wk ahead inc death,2022-02-25,quantile,0.5,47,604
1199,2022-02-05,3 wk ahead inc death,2022-02-25,quantile,0.75,47,679
1200,2022-02-05,3 wk ahead inc death,2022-02-25,quantile,0.9,47,762
1201,2022-02-05,3 wk ahead inc death,2022-02-25,quantile,0.975,47,850
1202,2022-02-05,4 wk ahead inc death,2022-03-04,quantile,0.025,47,366
1203,2022-02-05,4 wk ahead inc death,2022-03-04,quantile,0.1,47,431
1204,2022-02-05,4 wk ahead inc death,2022-03-04,quantile,0.5,47,557
1205,2022-02-05,4 wk ahead inc death,2022-03-04,quantile,0.75,47,627
1206,2022-02-05,4 wk ahead inc death,2022-03-04,quantile,0.9,47,715
1207,2022-02-05,4 wk ahead inc death,2022-03-04,quantile,0.975,47,792
1208,2022-02-05,1 wk ahead inc death,2022-02-11,quantile,0.025,48,1011
1209,2022-02-05,1 wk ahead inc death,2022-02-11,quantile,0.1,48,1162
1210,2022-02-05,1 wk ahead inc death,2022-02-11,quantile,0.5,48,1419
1211,2022-02-05,1 wk ahead inc death,2022-02-11,quantile,0.75,48,1527
1212,2022-02-05,1 wk ahead inc death,2022-02-11,quantile,0.9,48,1659
1213,2022-02-05,1 wk ahead inc death,2022-02-11,quantile,0.975,48,1758
1214,2022-02-05,2 wk ahead inc death,2022-02-18,quantile,0.025,48,962
1215,2022-02-05,2 wk ahead inc death,2022-02-18,quantile,0.1,48,1096
1216,2022-02-05,2 wk ahead inc death,2022-02-18,quantile,0.5,48,1385
1217,2022-02-05,2 wk ahead inc death,2022-02-18,quantile,0.75,48,1544
1218,2022-02-05,2 wk ahead inc death,2022-02-18,quantile,0.9,48,1735
1219,2022-02-05,2 wk ahead inc death,2022-02-18,quantile,0.975,48,1922
1220,2022-02-05,3 wk ahead inc death,2022-02-25,quantile,0.025,48,900
1221,2022-02-05,3 wk ahead inc death,2022-02-25,quantile,0.1,48,1025
1222,2022-02-05,3 wk ahead inc death,2022-02-25,quantile,0.5,48,1334
1223,2022-02-05,3 wk ahead inc death,2022-02-25,quantile,0.75,48,1488
1224,2022-02-05,3 wk ahead inc death,2022-02-25,quantile,0.9,48,1707
1225,2022-02-05,3 wk ahead inc death,2022-02-25,quantile,0.975,48,1855
1226,2022-02-05,4 wk ahead inc death,2022-03-04,quantile,0.025,48,750
1227,2022-02-05,4 wk ahead inc death,2022-03-04,quantile,0.1,48,918
1228,2022-02-05,4 wk ahead inc death,2022-03-04,quantile,0.5,48,1217
1229,2022-02-05,4 wk ahead inc death,2022-03-04,quantile,0.75,48,1411
1230,2022-02-05,4 wk ahead inc death,2022-03-04,quantile,0.9,48,1606
1231,2022-02-05,4 wk ahead inc death,2022-03-04,quantile,0.975,48,1813
1232,2022-02-05,1 wk ahead inc death,2022-02-11,quantile,0.025,49,2
1233,2022-02-05,1 wk ahead inc death,2022-02-11,quantile,0.1,49,23
1234,2022-02-05,1 wk ahead inc death,2022-02-11,quantile,0.5,49,57
1235,2022-02-05,1 wk ahead inc death,2022-02-11,quantile,0.75,49,73
1236,2022-02-05,1 wk ahead inc death,2022-02-11,quantile,0.9,49,85
1237,2022-02-05,1 wk ahead inc death,2022-02-11,quantile,0.975,49,106
1238,2022-02-05,2 wk ahead inc death,2022-02-18,quantile,0.025,49,5
1239,2022-02-05,2 wk ahead inc death,2022-02-18,quantile,0.1,49,24
1240,2022-02-05,2 wk ahead inc death,2022-02-18,quantile,0.5,49,52
1241,2022-02-05,2 wk ahead inc death,2022-02-18,quantile,0.75,49,65
1242,2022-02-05,2 wk ahead inc death,2022-02-18,quantile,0.9,49,77
1243,2022-02-05,2 wk ahead inc death,2022-02-18,quantile,0.975,49,86
1244,2022-02-05,3 wk ahead inc death,2022-02-25,quantile,0.025,49,0
1245,2022-02-05,3 wk ahead inc death,2022-02-25,quantile,0.1,49,23
1246,2022-02-05,3 wk ahead inc death,2022-02-25,quantile,0.5,49,50
1247,2022-02-05,3 wk ahead inc death,2022-02-25,quantile,0.75,49,62
1248,2022-02-05,3 wk ahead inc death,2022-02-25,quantile,0.9,49,76
1249,2022-02-05,3 wk ahead inc death,2022-02-25,quantile,0.975,49,91
1250,2022-02-05,4 wk ahead inc death,2022-03-04,quantile,0.025,49,0
1251,2022-02-05,4 wk ahead inc death,2022-03-04,quantile,0.1,49,18
1252,2022-02-05,4 wk ahead inc death,2022-03-04,quantile,0.5,49,50
1253,2022-02-05,4 wk ahead inc death,2022-03-04,quantile,0.75,49,62
1254,2022-02-05,4 wk ahead inc death,2022-03-04,quantile,0.9,49,72
1255,2022-02-05,4 wk ahead inc death,2022-03-04,quantile,0.975,49,83
1256,2022-02-05,1 wk ahead inc death,2022-02-11,quantile,0.025,50,16
1257,2022-02-05,1 wk ahead inc death,2022-02-11,quantile,0.1,50,18
1258,2022-02-05,1 wk ahead inc death,2022-02-11,quantile,0.5,50,21
1259,2022-02-05,1 wk ahead inc death,2022-02-11,quantile,0.75,50,24
1260,2022-02-05,1 wk ahead inc death,2022-02-11,quantile,0.9,50,25
1261,2022-02-05,1 wk ahead inc death,2022-02-11,quantile,0.975,50,28
1262,2022-02-05,2 wk ahead inc death,2022-02-18,quantile,0.025,50,15
1263,2022-02-05,2 wk ahead inc death,2022-02-18,quantile,0.1,50,17
1264,2022-02-05,2 wk ahead inc death,2022-02-18,quantile,0.5,50,21
1265,2022-02-05,2 wk ahead inc death,2022-02-18,quantile,0.75,50,24
1266,2022-02-05,2 wk ahead inc death,2022-02-18,quantile,0.9,50,27
1267,2022-02-05,2 wk ahead inc death,2022-02-18,quantile,0.975,50,29
1268,2022-02-05,3 wk ahead inc death,2022-02-25,quantile,0.025,50,15
1269,2022-02-05,3 wk ahead inc death,2022-02-25,quantile,0.1,50,17
1270,2022-02-05,3 wk ahead inc death,2022-02-25,quantile,0.5,50,22
1271,2022-02-05,3 wk ahead inc death,2022-02-25,quantile,0.75,50,26
1272,2022-02-05,3 wk ahead inc death,2022-02-25,quantile,0.9,50,29
1273,2022-02-05,3 wk ahead inc death,2022-02-25,quantile,0.975,50,33
1274,2022-02-05,4 wk ahead inc death,2022-03-04,quantile,0.025,50,12
1275,2022-02-05,4 wk ahead inc death,2022-03-04,quantile,0.1,50,15
1276,2022-02-05,4 wk ahead inc death,2022-03-04,quantile,0.5,50,20
1277,2022-02-05,4 wk ahead inc death,2022-03-04,quantile,0.75,50,24
1278,2022-02-05,4 wk ahead inc death,2022-03-04,quantile,0.9,50,28
1279,2022-02-05,4 wk ahead inc death,2022-03-04,quantile,0.975,50,34
1280,2022-02-05,1 wk ahead inc death,2022-02-11,quantile,0.025,51,331
1281,2022-02-05,1 wk ahead inc death,2022-02-11,quantile,0.1,51,368
1282,2022-02-05,1 wk ahead inc death,2022-02-11,quantile,0.5,51,429
1283,2022-02-05,1 wk ahead inc death,2022-02-11,quantile,0.75,51,473
1284,2022-02-05,1 wk ahead inc death,2022-02-11,quantile,0.9,51,497
1285,2022-02-05,1 wk ahead inc death,2022-02-11,quantile,0.975,51,539
1286,2022-02-05,2 wk ahead inc death,2022-02-18,quantile,0.025,51,338
1287,2022-02-05,2 wk ahead inc death,2022-02-18,quantile,0.1,51,377
1288,2022-02-05,2 wk ahead inc death,2022-02-18,quantile,0.5,51,452
1289,2022-02-05,2 wk ahead inc death,2022-02-18,quantile,0.75,51,496
1290,2022-02-05,2 wk ahead inc death,2022-02-18,quantile,0.9,51,537
1291,2022-02-05,2 wk ahead inc death,2022-02-18,quantile,0.975,51,584
1292,2022-02-05,3 wk ahead inc death,2022-02-25,quantile,0.025,51,309
1293,2022-02-05,3 wk ahead inc death,2022-02-25,quantile,0.1,51,362
1294,2022-02-05,3 wk ahead inc death,2022-02-25,quantile,0.5,51,448
1295,2022-02-05,3 wk ahead inc death,2022-02-25,quantile,0.75,51,501
1296,2022-02-05,3 wk ahead inc death,2022-02-25,quantile,0.9,51,539
1297,2022-02-05,3 wk ahead inc death,2022-02-25,quantile,0.975,51,580
1298,2022-02-05,4 wk ahead inc death,2022-03-04,quantile,0.025,51,302
1299,2022-02-05,4 wk ahead inc death,2022-03-04,quantile,0.1,51,341
1300,2022-02-05,4 wk ahead inc death,2022-03-04,quantile,0.5,51,434
1301,2022-02-05,4 wk ahead inc death,2022-03-04,quantile,0.75,51,478
1302,2022-02-05,4 wk ahead inc death,2022-03-04,quantile,0.9,51,541
1303,2022-02-05,4 wk ahead inc death,2022-03-04,quantile,0.975,51,618
1304,2022-02-05,1 wk ahead inc death,2022-02-11,quantile,0.025,53,228
1305,2022-02-05,1 wk ahead inc death,2022-02-11,quantile,0.1,53,256
1306,2022-02-05,1 wk ahead inc death,2022-02-11,quantile,0.5,53,313
1307,2022-02-05,1 wk ahead inc death,2022-02-11,quantile,0.75,53,338
1308,2022-02-05,1 wk ahead inc death,2022-02-11,quantile,0.9,53,378
1309,2022-02-05,1 wk ahead inc death,2022-02-11,quantile,0.975,53,411
1310,2022-02-05,2 wk ahead inc death,2022-02-18,quantile,0.025,53,238
1311,2022-02-05,2 wk ahead inc death,2022-02-18,quantile,0.1,53,279
1312,2022-02-05,2 wk ahead inc death,2022-02-18,quantile,0.5,53,348
1313,2022-02-05,2 wk ahead inc death,2022-02-18,quantile,0.75,53,394
1314,2022-02-05,2 wk ahead inc death,2022-02-18,quantile,0.9,53,431
1315,2022-02-05,2 wk ahead inc death,2022-02-18,quantile,0.975,53,474
1316,2022-02-05,3 wk ahead inc death,2022-02-25,quantile,0.025,53,248
1317,2022-02-05,3 wk ahead inc death,2022-02-25,quantile,0.1,53,284
1318,2022-02-05,3 wk ahead inc death,2022-02-25,quantile,0.5,53,366
1319,2022-02-05,3 wk ahead inc death,2022-02-25,quantile,0.75,53,416
1320,2022-02-05,3 wk ahead inc death,2022-02-25,quantile,0.9,53,459
1321,2022-02-05,3 wk ahead inc death,2022-02-25,quantile,0.975,53,520
1322,2022-02-05,4 wk ahead inc death,2022-03-04,quantile,0.025,53,254
1323,2022-02-05,4 wk ahead inc death,2022-03-04,quantile,0.1,53,293
1324,2022-02-05,4 wk ahead inc death,2022-03-04,quantile,0.5,53,365
1325,2022-02-05,4 wk ahead inc death,2022-03-04,quantile,0.75,53,429
1326,2022-02-05,4 wk ahead inc death,2022-03-04,quantile,0.9,53,477
1327,2022-02-05,4 wk ahead inc death,2022-03-04,quantile,0.975,53,535
1328,2022-02-05,1 wk ahead inc death,2022-02-11,quantile,0.025,54,100
1329,2022-02-05,1 wk ahead inc death,2022-02-11,quantile,0.1,54,111
1330,2022-02-05,1 wk ahead inc death,2022-02-11,quantile,0.5,54,133
1331,2022-02-05,1 wk ahead inc death,2022-02-11,quantile,0.75,54,143
1332,2022-02-05,1 wk ahead inc death,2022-02-11,quantile,0.9,54,154
1333,2022-02-05,1 wk ahead inc death,2022-02-11,quantile,0.975,54,165
1334,2022-02-05,2 wk ahead inc death,2022-02-18,quantile,0.025,54,104
1335,2022-02-05,2 wk ahead inc death,2022-02-18,quantile,0.1,54,118
1336,2022-02-05,2 wk ahead inc death,2022-02-18,quantile,0.5,54,142
1337,2022-02-05,2 wk ahead inc death,2022-02-18,quantile,0.75,54,162
1338,2022-02-05,2 wk ahead inc death,2022-02-18,quantile,0.9,54,174
1339,2022-02-05,2 wk ahead inc death,2022-02-18,quantile,0.975,54,195
1340,2022-02-05,3 wk ahead inc death,2022-02-25,quantile,0.025,54,88
1341,2022-02-05,3 wk ahead inc death,2022-02-25,quantile,0.1,54,104
1342,2022-02-05,3 wk ahead inc death,2022-02-25,quantile,0.5,54,137
1343,2022-02-05,3 wk ahead inc death,2022-02-25,quantile,0.75,54,157
1344,2022-02-05,3 wk ahead inc death,2022-02-25,quantile,0.9,54,179
1345,2022-02-05,3 wk ahead inc death,2022-02-25,quantile,0.975,54,206
1346,2022-02-05,4 wk ahead inc death,2022-03-04,quantile,0.025,54,78
1347,2022-02-05,4 wk ahead inc death,2022-03-04,quantile,0.1,54,90
1348,2022-02-05,4 wk ahead inc death,2022-03-04,quantile,0.5,54,122
1349,2022-02-05,4 wk ahead inc death,2022-03-04,quantile,0.75,54,141
1350,2022-02-05,4 wk ahead inc death,2022-03-04,quantile,0.9,54,166
1351,2022-02-05,4 wk ahead inc death,2022-03-04,quantile,0.975,54,197
1352,2022-02-05,1 wk ahead inc death,2022-02-11,quantile,0.025,55,272
1353,2022-02-05,1 wk ahead inc death,2022-02-11,quantile,0.1,55,299
1354,2022-02-05,1 wk ahead inc death,2022-02-11,quantile,0.5,55,346
1355,2022-02-05,1 wk ahead inc death,2022-02-11,quantile,0.75,55,369
1356,2022-02-05,1 wk ahead inc death,2022-02-11,quantile,0.9,55,395
1357,2022-02-05,1 wk ahead inc death,2022-02-11,quantile,0.975,55,423
1358,2022-02-05,2 wk ahead inc death,2022-02-18,quantile,0.025,55,242
1359,2022-02-05,2 wk ahead inc death,2022-02-18,quantile,0.1,55,269
1360,2022-02-05,2 wk ahead inc death,2022-02-18,quantile,0.5,55,329
1361,2022-02-05,2 wk ahead inc death,2022-02-18,quantile,0.75,55,369
1362,2022-02-05,2 wk ahead inc death,2022-02-18,quantile,0.9,55,396
1363,2022-02-05,2 wk ahead inc death,2022-02-18,quantile,0.975,55,423
1364,2022-02-05,3 wk ahead inc death,2022-02-25,quantile,0.025,55,209
1365,2022-02-05,3 wk ahead inc death,2022-02-25,quantile,0.1,55,240
1366,2022-02-05,3 wk ahead inc death,2022-02-25,quantile,0.5,55,299
1367,2022-02-05,3 wk ahead inc death,2022-02-25,quantile,0.75,55,336
1368,2022-02-05,3 wk ahead inc death,2022-02-25,quantile,0.9,55,364
1369,2022-02-05,3 wk ahead inc death,2022-02-25,quantile,0.975,55,399
1370,2022-02-05,4 wk ahead inc death,2022-03-04,quantile,0.025,55,189
1371,2022-02-05,4 wk ahead inc death,2022-03-04,quantile,0.1,55,217
1372,2022-02-05,4 wk ahead inc death,2022-03-04,quantile,0.5,55,271
1373,2022-02-05,4 wk ahead inc death,2022-03-04,quantile,0.75,55,314
1374,2022-02-05,4 wk ahead inc death,2022-03-04,quantile,0.9,55,350
1375,2022-02-05,4 wk ahead inc death,2022-03-04,quantile,0.975,55,383
1376,2022-02-05,1 wk ahead inc death,2022-02-11,quantile,0.025,56,17
1377,2022-02-05,1 wk ahead inc death,2022-02-11,quantile,0.1,56,19
1378,2022-02-05,1 wk ahead inc death,2022-02-11,quantile,0.5,56,24
1379,2022-02-05,1 wk ahead inc death,2022-02-11,quantile,0.75,56,26
1380,2022-02-05,1 wk ahead inc death,2022-02-11,quantile,0.9,56,28
1381,2022-02-05,1 wk ahead inc death,2022-02-11,quantile,0.975,56,30
1382,2022-02-05,2 wk ahead inc death,2022-02-18,quantile,0.025,56,13
1383,2022-02-05,2 wk ahead inc death,2022-02-18,quantile,0.1,56,16
1384,2022-02-05,2 wk ahead inc death,2022-02-18,quantile,0.5,56,23
1385,2022-02-05,2 wk ahead inc death,2022-02-18,quantile,0.75,56,27
1386,2022-02-05,2 wk ahead inc death,2022-02-18,quantile,0.9,56,30
1387,2022-02-05,2 wk ahead inc death,2022-02-18,quantile,0.975,56,33
1388,2022-02-05,3 wk ahead inc death,2022-02-25,quantile,0.025,56,10
1389,2022-02-05,3 wk ahead inc death,2022-02-25,quantile,0.1,56,14
1390,2022-02-05,3 wk ahead inc death,2022-02-25,quantile,0.5,56,22
1391,2022-02-05,3 wk ahead inc death,2022-02-25,quantile,0.75,56,26
1392,2022-02-05,3 wk ahead inc death,2022-02-25,quantile,0.9,56,29
1393,2022-02-05,3 wk ahead inc death,2022-02-25,quantile,0.975,56,34
1394,2022-02-05,4 wk ahead inc death,2022-03-04,quantile,0.025,56,4
1395,2022-02-05,4 wk ahead inc death,2022-03-04,quantile,0.1,56,11
1396,2022-02-05,4 wk ahead inc death,2022-03-04,quantile,0.5,56,19
1397,2022-02-05,4 wk ahead inc death,2022-03-04,quantile,0.75,56,23
1398,2022-02-05,4 wk ahead inc death,2022-03-04,quantile,0.9,56,26
1399,2022-02-05,4 wk ahead inc death,2022-03-04,quantile,0.975,56,30
