forecast_date,target,target_end,type,quantile,location,value
2021-12-12,1 wk ahead inc case,2021-12-18,point,,01,5936
2021-12-12,2 wk ahead inc case,2021-12-25,point,,01,8379
2021-12-12,3 wk ahead inc case,2022-01-01,point,,01,9978
2021-12-12,4 wk ahead inc case,2022-01-08,point,,01,10481
2021-12-12,1 wk ahead inc case,2021-12-18,point,,02,1449
2021-12-12,2 wk ahead inc case,2021-12-25,point,,02,1095
2021-12-12,3 wk ahead inc case,2022-01-01,point,,02,1119
2021-12-12,4 wk ahead inc case,2022-01-08,point,,02,1079
2021-12-12,1 wk ahead inc case,2021-12-18,point,,04,28220
2021-12-12,2 wk ahead inc case,2021-12-25,point,,04,28577
2021-12-12,3 wk ahead inc case,2022-01-01,point,,04,28779
2021-12-12,4 wk ahead inc case,2022-01-08,point,,04,32158
2021-12-12,1 wk ahead inc case,2021-12-18,point,,05,7365
2021-12-12,2 wk ahead inc case,2021-12-25,point,,05,8316
2021-12-12,3 wk ahead inc case,2022-01-01,point,,05,8466
2021-12-12,4 wk ahead inc case,2022-01-08,point,,05,8242
2021-12-12,1 wk ahead inc case,2021-12-18,point,,06,51194
2021-12-12,2 wk ahead inc case,2021-12-25,point,,06,59239
2021-12-12,3 wk ahead inc case,2022-01-01,point,,06,62001
2021-12-12,4 wk ahead inc case,2022-01-08,point,,06,64143
2021-12-12,1 wk ahead inc case,2021-12-18,point,,08,20598
2021-12-12,2 wk ahead inc case,2021-12-25,point,,08,18208
2021-12-12,3 wk ahead inc case,2022-01-01,point,,08,18538
2021-12-12,4 wk ahead inc case,2022-01-08,point,,08,18221
2021-12-12,1 wk ahead inc case,2021-12-18,point,,09,16664
2021-12-12,2 wk ahead inc case,2021-12-25,point,,09,17181
2021-12-12,3 wk ahead inc case,2022-01-01,point,,09,17189
2021-12-12,4 wk ahead inc case,2022-01-08,point,,09,16796
2021-12-12,1 wk ahead inc case,2021-12-18,point,,10,4398
2021-12-12,2 wk ahead inc case,2021-12-25,point,,10,5114
2021-12-12,3 wk ahead inc case,2022-01-01,point,,10,5026
2021-12-12,4 wk ahead inc case,2022-01-08,point,,10,5687
2021-12-12,1 wk ahead inc case,2021-12-18,point,,11,1089
2021-12-12,2 wk ahead inc case,2021-12-25,point,,11,943
2021-12-12,3 wk ahead inc case,2022-01-01,point,,11,956
2021-12-12,4 wk ahead inc case,2022-01-08,point,,11,999
2021-12-12,1 wk ahead inc case,2021-12-18,point,,12,23265
2021-12-12,2 wk ahead inc case,2021-12-25,point,,12,42685
2021-12-12,3 wk ahead inc case,2022-01-01,point,,12,55380
2021-12-12,4 wk ahead inc case,2022-01-08,point,,12,66151
2021-12-12,1 wk ahead inc case,2021-12-18,point,,13,16120
2021-12-12,2 wk ahead inc case,2021-12-25,point,,13,19751
2021-12-12,3 wk ahead inc case,2022-01-01,point,,13,21886
2021-12-12,4 wk ahead inc case,2022-01-08,point,,13,22237
2021-12-12,1 wk ahead inc case,2021-12-18,point,,15,1415
2021-12-12,2 wk ahead inc case,2021-12-25,point,,15,1558
2021-12-12,3 wk ahead inc case,2022-01-01,point,,15,1898
2021-12-12,4 wk ahead inc case,2022-01-08,point,,15,2200
2021-12-12,1 wk ahead inc case,2021-12-18,point,,16,3610
2021-12-12,2 wk ahead inc case,2021-12-25,point,,16,4218
2021-12-12,3 wk ahead inc case,2022-01-01,point,,16,4046
2021-12-12,4 wk ahead inc case,2022-01-08,point,,16,3989
2021-12-12,1 wk ahead inc case,2021-12-18,point,,17,54966
2021-12-12,2 wk ahead inc case,2021-12-25,point,,17,60395
2021-12-12,3 wk ahead inc case,2022-01-01,point,,17,60025
2021-12-12,4 wk ahead inc case,2022-01-08,point,,17,58793
2021-12-12,1 wk ahead inc case,2021-12-18,point,,18,37848
2021-12-12,2 wk ahead inc case,2021-12-25,point,,18,36975
2021-12-12,3 wk ahead inc case,2022-01-01,point,,18,34284
2021-12-12,4 wk ahead inc case,2022-01-08,point,,18,34255
2021-12-12,1 wk ahead inc case,2021-12-18,point,,19,16001
2021-12-12,2 wk ahead inc case,2021-12-25,point,,19,15204
2021-12-12,3 wk ahead inc case,2022-01-01,point,,19,14475
2021-12-12,4 wk ahead inc case,2022-01-08,point,,19,13359
2021-12-12,1 wk ahead inc case,2021-12-18,point,,20,14348
2021-12-12,2 wk ahead inc case,2021-12-25,point,,20,13726
2021-12-12,3 wk ahead inc case,2022-01-01,point,,20,12504
2021-12-12,4 wk ahead inc case,2022-01-08,point,,20,11341
2021-12-12,1 wk ahead inc case,2021-12-18,point,,21,20409
2021-12-12,2 wk ahead inc case,2021-12-25,point,,21,19740
2021-12-12,3 wk ahead inc case,2022-01-01,point,,21,19980
2021-12-12,4 wk ahead inc case,2022-01-08,point,,21,18953
2021-12-12,1 wk ahead inc case,2021-12-18,point,,22,5943
2021-12-12,2 wk ahead inc case,2021-12-25,point,,22,7286
2021-12-12,3 wk ahead inc case,2022-01-01,point,,22,8884
2021-12-12,4 wk ahead inc case,2022-01-08,point,,22,9434
2021-12-12,1 wk ahead inc case,2021-12-18,point,,23,6941
2021-12-12,2 wk ahead inc case,2021-12-25,point,,23,7151
2021-12-12,3 wk ahead inc case,2022-01-01,point,,23,7647
2021-12-12,4 wk ahead inc case,2022-01-08,point,,23,8158
2021-12-12,1 wk ahead inc case,2021-12-18,point,,24,12877
2021-12-12,2 wk ahead inc case,2021-12-25,point,,24,14858
2021-12-12,3 wk ahead inc case,2022-01-01,point,,24,16070
2021-12-12,4 wk ahead inc case,2022-01-08,point,,24,17327
2021-12-12,1 wk ahead inc case,2021-12-18,point,,25,37307
2021-12-12,2 wk ahead inc case,2021-12-25,point,,25,37880
2021-12-12,3 wk ahead inc case,2022-01-01,point,,25,38038
2021-12-12,4 wk ahead inc case,2022-01-08,point,,25,37117
2021-12-12,1 wk ahead inc case,2021-12-18,point,,26,60254
2021-12-12,2 wk ahead inc case,2021-12-25,point,,26,62266
2021-12-12,3 wk ahead inc case,2022-01-01,point,,26,66090
2021-12-12,4 wk ahead inc case,2022-01-08,point,,26,60874
2021-12-12,1 wk ahead inc case,2021-12-18,point,,27,33099
2021-12-12,2 wk ahead inc case,2021-12-25,point,,27,30473
2021-12-12,3 wk ahead inc case,2022-01-01,point,,27,27438
2021-12-12,4 wk ahead inc case,2022-01-08,point,,27,25158
2021-12-12,1 wk ahead inc case,2021-12-18,point,,28,3743
2021-12-12,2 wk ahead inc case,2021-12-25,point,,28,4795
2021-12-12,3 wk ahead inc case,2022-01-01,point,,28,5943
2021-12-12,4 wk ahead inc case,2022-01-08,point,,28,6204
2021-12-12,1 wk ahead inc case,2021-12-18,point,,29,25284
2021-12-12,2 wk ahead inc case,2021-12-25,point,,29,25969
2021-12-12,3 wk ahead inc case,2022-01-01,point,,29,25170
2021-12-12,4 wk ahead inc case,2022-01-08,point,,29,24207
2021-12-12,1 wk ahead inc case,2021-12-18,point,,30,1967
2021-12-12,2 wk ahead inc case,2021-12-25,point,,30,1900
2021-12-12,3 wk ahead inc case,2022-01-01,point,,30,1860
2021-12-12,4 wk ahead inc case,2022-01-08,point,,30,1825
2021-12-12,1 wk ahead inc case,2021-12-18,point,,31,7694
2021-12-12,2 wk ahead inc case,2021-12-25,point,,31,7456
2021-12-12,3 wk ahead inc case,2022-01-01,point,,31,6855
2021-12-12,4 wk ahead inc case,2022-01-08,point,,31,6029
2021-12-12,1 wk ahead inc case,2021-12-18,point,,32,5370
2021-12-12,2 wk ahead inc case,2021-12-25,point,,32,4935
2021-12-12,3 wk ahead inc case,2022-01-01,point,,32,6015
2021-12-12,4 wk ahead inc case,2022-01-08,point,,32,6345
2021-12-12,1 wk ahead inc case,2021-12-18,point,,33,9080
2021-12-12,2 wk ahead inc case,2021-12-25,point,,33,8155
2021-12-12,3 wk ahead inc case,2022-01-01,point,,33,7408
2021-12-12,4 wk ahead inc case,2022-01-08,point,,33,6764
2021-12-12,1 wk ahead inc case,2021-12-18,point,,34,31610
2021-12-12,2 wk ahead inc case,2021-12-25,point,,34,29890
2021-12-12,3 wk ahead inc case,2022-01-01,point,,34,31735
2021-12-12,4 wk ahead inc case,2022-01-08,point,,34,31024
2021-12-12,1 wk ahead inc case,2021-12-18,point,,35,8154
2021-12-12,2 wk ahead inc case,2021-12-25,point,,35,8161
2021-12-12,3 wk ahead inc case,2022-01-01,point,,35,7612
2021-12-12,4 wk ahead inc case,2022-01-08,point,,35,7022
2021-12-12,1 wk ahead inc case,2021-12-18,point,,36,78598
2021-12-12,2 wk ahead inc case,2021-12-25,point,,36,82426
2021-12-12,3 wk ahead inc case,2022-01-01,point,,36,86951
2021-12-12,4 wk ahead inc case,2022-01-08,point,,36,88676
2021-12-12,1 wk ahead inc case,2021-12-18,point,,37,28755
2021-12-12,2 wk ahead inc case,2021-12-25,point,,37,29008
2021-12-12,3 wk ahead inc case,2022-01-01,point,,37,30958
2021-12-12,4 wk ahead inc case,2022-01-08,point,,37,30892
2021-12-12,1 wk ahead inc case,2021-12-18,point,,38,2751
2021-12-12,2 wk ahead inc case,2021-12-25,point,,38,2371
2021-12-12,3 wk ahead inc case,2022-01-01,point,,38,2140
2021-12-12,4 wk ahead inc case,2022-01-08,point,,38,1949
2021-12-12,1 wk ahead inc case,2021-12-18,point,,39,53534
2021-12-12,2 wk ahead inc case,2021-12-25,point,,39,51726
2021-12-12,3 wk ahead inc case,2022-01-01,point,,39,48303
2021-12-12,4 wk ahead inc case,2022-01-08,point,,39,44317
2021-12-12,1 wk ahead inc case,2021-12-18,point,,40,9898
2021-12-12,2 wk ahead inc case,2021-12-25,point,,40,11082
2021-12-12,3 wk ahead inc case,2022-01-01,point,,40,11026
2021-12-12,4 wk ahead inc case,2022-01-08,point,,40,10577
2021-12-12,1 wk ahead inc case,2021-12-18,point,,41,7774
2021-12-12,2 wk ahead inc case,2021-12-25,point,,41,8003
2021-12-12,3 wk ahead inc case,2022-01-01,point,,41,8339
2021-12-12,4 wk ahead inc case,2022-01-08,point,,41,8785
2021-12-12,1 wk ahead inc case,2021-12-18,point,,42,65962
2021-12-12,2 wk ahead inc case,2021-12-25,point,,42,67770
2021-12-12,3 wk ahead inc case,2022-01-01,point,,42,66914
2021-12-12,4 wk ahead inc case,2022-01-08,point,,42,64508
2021-12-12,1 wk ahead inc case,2021-12-18,point,,44,5199
2021-12-12,2 wk ahead inc case,2021-12-25,point,,44,5199
2021-12-12,3 wk ahead inc case,2022-01-01,point,,44,4987
2021-12-12,4 wk ahead inc case,2022-01-08,point,,44,4779
2021-12-12,1 wk ahead inc case,2021-12-18,point,,45,13209
2021-12-12,2 wk ahead inc case,2021-12-25,point,,45,14794
2021-12-12,3 wk ahead inc case,2022-01-01,point,,45,16634
2021-12-12,4 wk ahead inc case,2022-01-08,point,,45,16963
2021-12-12,1 wk ahead inc case,2021-12-18,point,,46,3603
2021-12-12,2 wk ahead inc case,2021-12-25,point,,46,3395
2021-12-12,3 wk ahead inc case,2022-01-01,point,,46,3099
2021-12-12,4 wk ahead inc case,2022-01-08,point,,46,2791
2021-12-12,1 wk ahead inc case,2021-12-18,point,,47,18767
2021-12-12,2 wk ahead inc case,2021-12-25,point,,47,21770
2021-12-12,3 wk ahead inc case,2022-01-01,point,,47,21790
2021-12-12,4 wk ahead inc case,2022-01-08,point,,47,21139
2021-12-12,1 wk ahead inc case,2021-12-18,point,,48,42494
2021-12-12,2 wk ahead inc case,2021-12-25,point,,48,53007
2021-12-12,3 wk ahead inc case,2022-01-01,point,,48,59329
2021-12-12,4 wk ahead inc case,2022-01-08,point,,48,61621
2021-12-12,1 wk ahead inc case,2021-12-18,point,,49,7703
2021-12-12,2 wk ahead inc case,2021-12-25,point,,49,7695
2021-12-12,3 wk ahead inc case,2022-01-01,point,,49,6971
2021-12-12,4 wk ahead inc case,2022-01-08,point,,49,6499
2021-12-12,1 wk ahead inc case,2021-12-18,point,,50,3493
2021-12-12,2 wk ahead inc case,2021-12-25,point,,50,3205
2021-12-12,3 wk ahead inc case,2022-01-01,point,,50,3033
2021-12-12,4 wk ahead inc case,2022-01-08,point,,50,2901
2021-12-12,1 wk ahead inc case,2021-12-18,point,,51,24728
2021-12-12,2 wk ahead inc case,2021-12-25,point,,51,28457
2021-12-12,3 wk ahead inc case,2022-01-01,point,,51,30475
2021-12-12,4 wk ahead inc case,2022-01-08,point,,51,31796
2021-12-12,1 wk ahead inc case,2021-12-18,point,,53,12236
2021-12-12,2 wk ahead inc case,2021-12-25,point,,53,10311
2021-12-12,3 wk ahead inc case,2022-01-01,point,,53,10527
2021-12-12,4 wk ahead inc case,2022-01-08,point,,53,10653
2021-12-12,1 wk ahead inc case,2021-12-18,point,,54,9980
2021-12-12,2 wk ahead inc case,2021-12-25,point,,54,9638
2021-12-12,3 wk ahead inc case,2022-01-01,point,,54,8990
2021-12-12,4 wk ahead inc case,2022-01-08,point,,54,8400
2021-12-12,1 wk ahead inc case,2021-12-18,point,,55,29511
2021-12-12,2 wk ahead inc case,2021-12-25,point,,55,30841
2021-12-12,3 wk ahead inc case,2022-01-01,point,,55,30393
2021-12-12,4 wk ahead inc case,2022-01-08,point,,55,28623
2021-12-12,1 wk ahead inc case,2021-12-18,point,,56,1445
2021-12-12,2 wk ahead inc case,2021-12-25,point,,56,1325
2021-12-12,3 wk ahead inc case,2022-01-01,point,,56,1329
2021-12-12,4 wk ahead inc case,2022-01-08,point,,56,1325
2021-12-12,1 wk ahead inc case,2021-12-18,quantile,0.025,01,5528
2021-12-12,1 wk ahead inc case,2021-12-18,quantile,0.1,01,5634
2021-12-12,1 wk ahead inc case,2021-12-18,quantile,0.5,01,5936
2021-12-12,1 wk ahead inc case,2021-12-18,quantile,0.75,01,6115
2021-12-12,1 wk ahead inc case,2021-12-18,quantile,0.9,01,6219
2021-12-12,1 wk ahead inc case,2021-12-18,quantile,0.975,01,6413
2021-12-12,2 wk ahead inc case,2021-12-25,quantile,0.025,01,7116
2021-12-12,2 wk ahead inc case,2021-12-25,quantile,0.1,01,7497
2021-12-12,2 wk ahead inc case,2021-12-25,quantile,0.5,01,8379
2021-12-12,2 wk ahead inc case,2021-12-25,quantile,0.75,01,8945
2021-12-12,2 wk ahead inc case,2021-12-25,quantile,0.9,01,9377
2021-12-12,2 wk ahead inc case,2021-12-25,quantile,0.975,01,10264
2021-12-12,3 wk ahead inc case,2022-01-01,quantile,0.025,01,8298
2021-12-12,3 wk ahead inc case,2022-01-01,quantile,0.1,01,8845
2021-12-12,3 wk ahead inc case,2022-01-01,quantile,0.5,01,9978
2021-12-12,3 wk ahead inc case,2022-01-01,quantile,0.75,01,10607
2021-12-12,3 wk ahead inc case,2022-01-01,quantile,0.9,01,11349
2021-12-12,3 wk ahead inc case,2022-01-01,quantile,0.975,01,11932
2021-12-12,4 wk ahead inc case,2022-01-08,quantile,0.025,01,8175
2021-12-12,4 wk ahead inc case,2022-01-08,quantile,0.1,01,9145
2021-12-12,4 wk ahead inc case,2022-01-08,quantile,0.5,01,10481
2021-12-12,4 wk ahead inc case,2022-01-08,quantile,0.75,01,11286
2021-12-12,4 wk ahead inc case,2022-01-08,quantile,0.9,01,12142
2021-12-12,4 wk ahead inc case,2022-01-08,quantile,0.975,01,13026
2021-12-12,1 wk ahead inc case,2021-12-18,quantile,0.025,02,1278
2021-12-12,1 wk ahead inc case,2021-12-18,quantile,0.1,02,1341
2021-12-12,1 wk ahead inc case,2021-12-18,quantile,0.5,02,1449
2021-12-12,1 wk ahead inc case,2021-12-18,quantile,0.75,02,1514
2021-12-12,1 wk ahead inc case,2021-12-18,quantile,0.9,02,1564
2021-12-12,1 wk ahead inc case,2021-12-18,quantile,0.975,02,1619
2021-12-12,2 wk ahead inc case,2021-12-25,quantile,0.025,02,882
2021-12-12,2 wk ahead inc case,2021-12-25,quantile,0.1,02,955
2021-12-12,2 wk ahead inc case,2021-12-25,quantile,0.5,02,1095
2021-12-12,2 wk ahead inc case,2021-12-25,quantile,0.75,02,1200
2021-12-12,2 wk ahead inc case,2021-12-25,quantile,0.9,02,1294
2021-12-12,2 wk ahead inc case,2021-12-25,quantile,0.975,02,1405
2021-12-12,3 wk ahead inc case,2022-01-01,quantile,0.025,02,733
2021-12-12,3 wk ahead inc case,2022-01-01,quantile,0.1,02,845
2021-12-12,3 wk ahead inc case,2022-01-01,quantile,0.5,02,1119
2021-12-12,3 wk ahead inc case,2022-01-01,quantile,0.75,02,1258
2021-12-12,3 wk ahead inc case,2022-01-01,quantile,0.9,02,1372
2021-12-12,3 wk ahead inc case,2022-01-01,quantile,0.975,02,1473
2021-12-12,4 wk ahead inc case,2022-01-08,quantile,0.025,02,634
2021-12-12,4 wk ahead inc case,2022-01-08,quantile,0.1,02,833
2021-12-12,4 wk ahead inc case,2022-01-08,quantile,0.5,02,1079
2021-12-12,4 wk ahead inc case,2022-01-08,quantile,0.75,02,1261
2021-12-12,4 wk ahead inc case,2022-01-08,quantile,0.9,02,1402
2021-12-12,4 wk ahead inc case,2022-01-08,quantile,0.975,02,1575
2021-12-12,1 wk ahead inc case,2021-12-18,quantile,0.025,04,25322
2021-12-12,1 wk ahead inc case,2021-12-18,quantile,0.1,04,26287
2021-12-12,1 wk ahead inc case,2021-12-18,quantile,0.5,04,28220
2021-12-12,1 wk ahead inc case,2021-12-18,quantile,0.75,04,29254
2021-12-12,1 wk ahead inc case,2021-12-18,quantile,0.9,04,30357
2021-12-12,1 wk ahead inc case,2021-12-18,quantile,0.975,04,30851
2021-12-12,2 wk ahead inc case,2021-12-25,quantile,0.025,04,24090
2021-12-12,2 wk ahead inc case,2021-12-25,quantile,0.1,04,25214
2021-12-12,2 wk ahead inc case,2021-12-25,quantile,0.5,04,28577
2021-12-12,2 wk ahead inc case,2021-12-25,quantile,0.75,04,30395
2021-12-12,2 wk ahead inc case,2021-12-25,quantile,0.9,04,32160
2021-12-12,2 wk ahead inc case,2021-12-25,quantile,0.975,04,33531
2021-12-12,3 wk ahead inc case,2022-01-01,quantile,0.025,04,23866
2021-12-12,3 wk ahead inc case,2022-01-01,quantile,0.1,04,25336
2021-12-12,3 wk ahead inc case,2022-01-01,quantile,0.5,04,28779
2021-12-12,3 wk ahead inc case,2022-01-01,quantile,0.75,04,30930
2021-12-12,3 wk ahead inc case,2022-01-01,quantile,0.9,04,32804
2021-12-12,3 wk ahead inc case,2022-01-01,quantile,0.975,04,34520
2021-12-12,4 wk ahead inc case,2022-01-08,quantile,0.025,04,24477
2021-12-12,4 wk ahead inc case,2022-01-08,quantile,0.1,04,27326
2021-12-12,4 wk ahead inc case,2022-01-08,quantile,0.5,04,32158
2021-12-12,4 wk ahead inc case,2022-01-08,quantile,0.75,04,34923
2021-12-12,4 wk ahead inc case,2022-01-08,quantile,0.9,04,37558
2021-12-12,4 wk ahead inc case,2022-01-08,quantile,0.975,04,40562
2021-12-12,1 wk ahead inc case,2021-12-18,quantile,0.025,05,6773
2021-12-12,1 wk ahead inc case,2021-12-18,quantile,0.1,05,6993
2021-12-12,1 wk ahead inc case,2021-12-18,quantile,0.5,05,7365
2021-12-12,1 wk ahead inc case,2021-12-18,quantile,0.75,05,7592
2021-12-12,1 wk ahead inc case,2021-12-18,quantile,0.9,05,7806
2021-12-12,1 wk ahead inc case,2021-12-18,quantile,0.975,05,7952
2021-12-12,2 wk ahead inc case,2021-12-25,quantile,0.025,05,7046
2021-12-12,2 wk ahead inc case,2021-12-25,quantile,0.1,05,7423
2021-12-12,2 wk ahead inc case,2021-12-25,quantile,0.5,05,8316
2021-12-12,2 wk ahead inc case,2021-12-25,quantile,0.75,05,8723
2021-12-12,2 wk ahead inc case,2021-12-25,quantile,0.9,05,9195
2021-12-12,2 wk ahead inc case,2021-12-25,quantile,0.975,05,9553
2021-12-12,3 wk ahead inc case,2022-01-01,quantile,0.025,05,7136
2021-12-12,3 wk ahead inc case,2022-01-01,quantile,0.1,05,7472
2021-12-12,3 wk ahead inc case,2022-01-01,quantile,0.5,05,8466
2021-12-12,3 wk ahead inc case,2022-01-01,quantile,0.75,05,8869
2021-12-12,3 wk ahead inc case,2022-01-01,quantile,0.9,05,9549
2021-12-12,3 wk ahead inc case,2022-01-01,quantile,0.975,05,10030
2021-12-12,4 wk ahead inc case,2022-01-08,quantile,0.025,05,6602
2021-12-12,4 wk ahead inc case,2022-01-08,quantile,0.1,05,7229
2021-12-12,4 wk ahead inc case,2022-01-08,quantile,0.5,05,8242
2021-12-12,4 wk ahead inc case,2022-01-08,quantile,0.75,05,8859
2021-12-12,4 wk ahead inc case,2022-01-08,quantile,0.9,05,9333
2021-12-12,4 wk ahead inc case,2022-01-08,quantile,0.975,05,9989
2021-12-12,1 wk ahead inc case,2021-12-18,quantile,0.025,06,47367
2021-12-12,1 wk ahead inc case,2021-12-18,quantile,0.1,06,48709
2021-12-12,1 wk ahead inc case,2021-12-18,quantile,0.5,06,51194
2021-12-12,1 wk ahead inc case,2021-12-18,quantile,0.75,06,52660
2021-12-12,1 wk ahead inc case,2021-12-18,quantile,0.9,06,53623
2021-12-12,1 wk ahead inc case,2021-12-18,quantile,0.975,06,55097
2021-12-12,2 wk ahead inc case,2021-12-25,quantile,0.025,06,51463
2021-12-12,2 wk ahead inc case,2021-12-25,quantile,0.1,06,54717
2021-12-12,2 wk ahead inc case,2021-12-25,quantile,0.5,06,59239
2021-12-12,2 wk ahead inc case,2021-12-25,quantile,0.75,06,62410
2021-12-12,2 wk ahead inc case,2021-12-25,quantile,0.9,06,65845
2021-12-12,2 wk ahead inc case,2021-12-25,quantile,0.975,06,69913
2021-12-12,3 wk ahead inc case,2022-01-01,quantile,0.025,06,51308
2021-12-12,3 wk ahead inc case,2022-01-01,quantile,0.1,06,55328
2021-12-12,3 wk ahead inc case,2022-01-01,quantile,0.5,06,62001
2021-12-12,3 wk ahead inc case,2022-01-01,quantile,0.75,06,68568
2021-12-12,3 wk ahead inc case,2022-01-01,quantile,0.9,06,73667
2021-12-12,3 wk ahead inc case,2022-01-01,quantile,0.975,06,79066
2021-12-12,4 wk ahead inc case,2022-01-08,quantile,0.025,06,49448
2021-12-12,4 wk ahead inc case,2022-01-08,quantile,0.1,06,54018
2021-12-12,4 wk ahead inc case,2022-01-08,quantile,0.5,06,64143
2021-12-12,4 wk ahead inc case,2022-01-08,quantile,0.75,06,70318
2021-12-12,4 wk ahead inc case,2022-01-08,quantile,0.9,06,78936
2021-12-12,4 wk ahead inc case,2022-01-08,quantile,0.975,06,87545
2021-12-12,1 wk ahead inc case,2021-12-18,quantile,0.025,08,18148
2021-12-12,1 wk ahead inc case,2021-12-18,quantile,0.1,08,19061
2021-12-12,1 wk ahead inc case,2021-12-18,quantile,0.5,08,20598
2021-12-12,1 wk ahead inc case,2021-12-18,quantile,0.75,08,21446
2021-12-12,1 wk ahead inc case,2021-12-18,quantile,0.9,08,22117
2021-12-12,1 wk ahead inc case,2021-12-18,quantile,0.975,08,22896
2021-12-12,2 wk ahead inc case,2021-12-25,quantile,0.025,08,15107
2021-12-12,2 wk ahead inc case,2021-12-25,quantile,0.1,08,16136
2021-12-12,2 wk ahead inc case,2021-12-25,quantile,0.5,08,18208
2021-12-12,2 wk ahead inc case,2021-12-25,quantile,0.75,08,19200
2021-12-12,2 wk ahead inc case,2021-12-25,quantile,0.9,08,20267
2021-12-12,2 wk ahead inc case,2021-12-25,quantile,0.975,08,21057
2021-12-12,3 wk ahead inc case,2022-01-01,quantile,0.025,08,15501
2021-12-12,3 wk ahead inc case,2022-01-01,quantile,0.1,08,16642
2021-12-12,3 wk ahead inc case,2022-01-01,quantile,0.5,08,18538
2021-12-12,3 wk ahead inc case,2022-01-01,quantile,0.75,08,19571
2021-12-12,3 wk ahead inc case,2022-01-01,quantile,0.9,08,20463
2021-12-12,3 wk ahead inc case,2022-01-01,quantile,0.975,08,21574
2021-12-12,4 wk ahead inc case,2022-01-08,quantile,0.025,08,15276
2021-12-12,4 wk ahead inc case,2022-01-08,quantile,0.1,08,16105
2021-12-12,4 wk ahead inc case,2022-01-08,quantile,0.5,08,18221
2021-12-12,4 wk ahead inc case,2022-01-08,quantile,0.75,08,19534
2021-12-12,4 wk ahead inc case,2022-01-08,quantile,0.9,08,20557
2021-12-12,4 wk ahead inc case,2022-01-08,quantile,0.975,08,21765
2021-12-12,1 wk ahead inc case,2021-12-18,quantile,0.025,09,14953
2021-12-12,1 wk ahead inc case,2021-12-18,quantile,0.1,09,15463
2021-12-12,1 wk ahead inc case,2021-12-18,quantile,0.5,09,16664
2021-12-12,1 wk ahead inc case,2021-12-18,quantile,0.75,09,17154
2021-12-12,1 wk ahead inc case,2021-12-18,quantile,0.9,09,17551
2021-12-12,1 wk ahead inc case,2021-12-18,quantile,0.975,09,18147
2021-12-12,2 wk ahead inc case,2021-12-25,quantile,0.025,09,14823
2021-12-12,2 wk ahead inc case,2021-12-25,quantile,0.1,09,15528
2021-12-12,2 wk ahead inc case,2021-12-25,quantile,0.5,09,17181
2021-12-12,2 wk ahead inc case,2021-12-25,quantile,0.75,09,18041
2021-12-12,2 wk ahead inc case,2021-12-25,quantile,0.9,09,18693
2021-12-12,2 wk ahead inc case,2021-12-25,quantile,0.975,09,20250
2021-12-12,3 wk ahead inc case,2022-01-01,quantile,0.025,09,14211
2021-12-12,3 wk ahead inc case,2022-01-01,quantile,0.1,09,15531
2021-12-12,3 wk ahead inc case,2022-01-01,quantile,0.5,09,17189
2021-12-12,3 wk ahead inc case,2022-01-01,quantile,0.75,09,17946
2021-12-12,3 wk ahead inc case,2022-01-01,quantile,0.9,09,19010
2021-12-12,3 wk ahead inc case,2022-01-01,quantile,0.975,09,20501
2021-12-12,4 wk ahead inc case,2022-01-08,quantile,0.025,09,13855
2021-12-12,4 wk ahead inc case,2022-01-08,quantile,0.1,09,14571
2021-12-12,4 wk ahead inc case,2022-01-08,quantile,0.5,09,16796
2021-12-12,4 wk ahead inc case,2022-01-08,quantile,0.75,09,17989
2021-12-12,4 wk ahead inc case,2022-01-08,quantile,0.9,09,19055
2021-12-12,4 wk ahead inc case,2022-01-08,quantile,0.975,09,20474
2021-12-12,1 wk ahead inc case,2021-12-18,quantile,0.025,10,3925
2021-12-12,1 wk ahead inc case,2021-12-18,quantile,0.1,10,4056
2021-12-12,1 wk ahead inc case,2021-12-18,quantile,0.5,10,4398
2021-12-12,1 wk ahead inc case,2021-12-18,quantile,0.75,10,4563
2021-12-12,1 wk ahead inc case,2021-12-18,quantile,0.9,10,4726
2021-12-12,1 wk ahead inc case,2021-12-18,quantile,0.975,10,4901
2021-12-12,2 wk ahead inc case,2021-12-25,quantile,0.025,10,4368
2021-12-12,2 wk ahead inc case,2021-12-25,quantile,0.1,10,4630
2021-12-12,2 wk ahead inc case,2021-12-25,quantile,0.5,10,5114
2021-12-12,2 wk ahead inc case,2021-12-25,quantile,0.75,10,5398
2021-12-12,2 wk ahead inc case,2021-12-25,quantile,0.9,10,5638
2021-12-12,2 wk ahead inc case,2021-12-25,quantile,0.975,10,5956
2021-12-12,3 wk ahead inc case,2022-01-01,quantile,0.025,10,4332
2021-12-12,3 wk ahead inc case,2022-01-01,quantile,0.1,10,4508
2021-12-12,3 wk ahead inc case,2022-01-01,quantile,0.5,10,5026
2021-12-12,3 wk ahead inc case,2022-01-01,quantile,0.75,10,5301
2021-12-12,3 wk ahead inc case,2022-01-01,quantile,0.9,10,5656
2021-12-12,3 wk ahead inc case,2022-01-01,quantile,0.975,10,6039
2021-12-12,4 wk ahead inc case,2022-01-08,quantile,0.025,10,4824
2021-12-12,4 wk ahead inc case,2022-01-08,quantile,0.1,10,5134
2021-12-12,4 wk ahead inc case,2022-01-08,quantile,0.5,10,5687
2021-12-12,4 wk ahead inc case,2022-01-08,quantile,0.75,10,6080
2021-12-12,4 wk ahead inc case,2022-01-08,quantile,0.9,10,6534
2021-12-12,4 wk ahead inc case,2022-01-08,quantile,0.975,10,6950
2021-12-12,1 wk ahead inc case,2021-12-18,quantile,0.025,11,950
2021-12-12,1 wk ahead inc case,2021-12-18,quantile,0.1,11,995
2021-12-12,1 wk ahead inc case,2021-12-18,quantile,0.5,11,1089
2021-12-12,1 wk ahead inc case,2021-12-18,quantile,0.75,11,1147
2021-12-12,1 wk ahead inc case,2021-12-18,quantile,0.9,11,1196
2021-12-12,1 wk ahead inc case,2021-12-18,quantile,0.975,11,1230
2021-12-12,2 wk ahead inc case,2021-12-25,quantile,0.025,11,778
2021-12-12,2 wk ahead inc case,2021-12-25,quantile,0.1,11,817
2021-12-12,2 wk ahead inc case,2021-12-25,quantile,0.5,11,943
2021-12-12,2 wk ahead inc case,2021-12-25,quantile,0.75,11,1014
2021-12-12,2 wk ahead inc case,2021-12-25,quantile,0.9,11,1098
2021-12-12,2 wk ahead inc case,2021-12-25,quantile,0.975,11,1166
2021-12-12,3 wk ahead inc case,2022-01-01,quantile,0.025,11,677
2021-12-12,3 wk ahead inc case,2022-01-01,quantile,0.1,11,775
2021-12-12,3 wk ahead inc case,2022-01-01,quantile,0.5,11,956
2021-12-12,3 wk ahead inc case,2022-01-01,quantile,0.75,11,1071
2021-12-12,3 wk ahead inc case,2022-01-01,quantile,0.9,11,1177
2021-12-12,3 wk ahead inc case,2022-01-01,quantile,0.975,11,1345
2021-12-12,4 wk ahead inc case,2022-01-08,quantile,0.025,11,711
2021-12-12,4 wk ahead inc case,2022-01-08,quantile,0.1,11,810
2021-12-12,4 wk ahead inc case,2022-01-08,quantile,0.5,11,999
2021-12-12,4 wk ahead inc case,2022-01-08,quantile,0.75,11,1173
2021-12-12,4 wk ahead inc case,2022-01-08,quantile,0.9,11,1283
2021-12-12,4 wk ahead inc case,2022-01-08,quantile,0.975,11,1501
2021-12-12,1 wk ahead inc case,2021-12-18,quantile,0.025,12,21322
2021-12-12,1 wk ahead inc case,2021-12-18,quantile,0.1,12,21844
2021-12-12,1 wk ahead inc case,2021-12-18,quantile,0.5,12,23265
2021-12-12,1 wk ahead inc case,2021-12-18,quantile,0.75,12,23985
2021-12-12,1 wk ahead inc case,2021-12-18,quantile,0.9,12,24635
2021-12-12,1 wk ahead inc case,2021-12-18,quantile,0.975,12,25435
2021-12-12,2 wk ahead inc case,2021-12-25,quantile,0.025,12,35262
2021-12-12,2 wk ahead inc case,2021-12-25,quantile,0.1,12,37567
2021-12-12,2 wk ahead inc case,2021-12-25,quantile,0.5,12,42685
2021-12-12,2 wk ahead inc case,2021-12-25,quantile,0.75,12,45787
2021-12-12,2 wk ahead inc case,2021-12-25,quantile,0.9,12,48432
2021-12-12,2 wk ahead inc case,2021-12-25,quantile,0.975,12,51259
2021-12-12,3 wk ahead inc case,2022-01-01,quantile,0.025,12,44438
2021-12-12,3 wk ahead inc case,2022-01-01,quantile,0.1,12,48678
2021-12-12,3 wk ahead inc case,2022-01-01,quantile,0.5,12,55380
2021-12-12,3 wk ahead inc case,2022-01-01,quantile,0.75,12,59453
2021-12-12,3 wk ahead inc case,2022-01-01,quantile,0.9,12,61939
2021-12-12,3 wk ahead inc case,2022-01-01,quantile,0.975,12,66135
2021-12-12,4 wk ahead inc case,2022-01-08,quantile,0.025,12,51743
2021-12-12,4 wk ahead inc case,2022-01-08,quantile,0.1,12,55703
2021-12-12,4 wk ahead inc case,2022-01-08,quantile,0.5,12,66151
2021-12-12,4 wk ahead inc case,2022-01-08,quantile,0.75,12,71292
2021-12-12,4 wk ahead inc case,2022-01-08,quantile,0.9,12,75555
2021-12-12,4 wk ahead inc case,2022-01-08,quantile,0.975,12,80750
2021-12-12,1 wk ahead inc case,2021-12-18,quantile,0.025,13,14692
2021-12-12,1 wk ahead inc case,2021-12-18,quantile,0.1,13,15100
2021-12-12,1 wk ahead inc case,2021-12-18,quantile,0.5,13,16120
2021-12-12,1 wk ahead inc case,2021-12-18,quantile,0.75,13,16488
2021-12-12,1 wk ahead inc case,2021-12-18,quantile,0.9,13,16923
2021-12-12,1 wk ahead inc case,2021-12-18,quantile,0.975,13,17536
2021-12-12,2 wk ahead inc case,2021-12-25,quantile,0.025,13,16845
2021-12-12,2 wk ahead inc case,2021-12-25,quantile,0.1,13,17820
2021-12-12,2 wk ahead inc case,2021-12-25,quantile,0.5,13,19751
2021-12-12,2 wk ahead inc case,2021-12-25,quantile,0.75,13,20657
2021-12-12,2 wk ahead inc case,2021-12-25,quantile,0.9,13,21665
2021-12-12,2 wk ahead inc case,2021-12-25,quantile,0.975,13,22899
2021-12-12,3 wk ahead inc case,2022-01-01,quantile,0.025,13,18088
2021-12-12,3 wk ahead inc case,2022-01-01,quantile,0.1,13,19240
2021-12-12,3 wk ahead inc case,2022-01-01,quantile,0.5,13,21886
2021-12-12,3 wk ahead inc case,2022-01-01,quantile,0.75,13,23421
2021-12-12,3 wk ahead inc case,2022-01-01,quantile,0.9,13,24525
2021-12-12,3 wk ahead inc case,2022-01-01,quantile,0.975,13,25711
2021-12-12,4 wk ahead inc case,2022-01-08,quantile,0.025,13,18106
2021-12-12,4 wk ahead inc case,2022-01-08,quantile,0.1,13,19234
2021-12-12,4 wk ahead inc case,2022-01-08,quantile,0.5,13,22237
2021-12-12,4 wk ahead inc case,2022-01-08,quantile,0.75,13,23859
2021-12-12,4 wk ahead inc case,2022-01-08,quantile,0.9,13,25530
2021-12-12,4 wk ahead inc case,2022-01-08,quantile,0.975,13,27644
2021-12-12,1 wk ahead inc case,2021-12-18,quantile,0.025,15,1233
2021-12-12,1 wk ahead inc case,2021-12-18,quantile,0.1,15,1290
2021-12-12,1 wk ahead inc case,2021-12-18,quantile,0.5,15,1415
2021-12-12,1 wk ahead inc case,2021-12-18,quantile,0.75,15,1504
2021-12-12,1 wk ahead inc case,2021-12-18,quantile,0.9,15,1574
2021-12-12,1 wk ahead inc case,2021-12-18,quantile,0.975,15,1638
2021-12-12,2 wk ahead inc case,2021-12-25,quantile,0.025,15,1173
2021-12-12,2 wk ahead inc case,2021-12-25,quantile,0.1,15,1322
2021-12-12,2 wk ahead inc case,2021-12-25,quantile,0.5,15,1558
2021-12-12,2 wk ahead inc case,2021-12-25,quantile,0.75,15,1713
2021-12-12,2 wk ahead inc case,2021-12-25,quantile,0.9,15,1851
2021-12-12,2 wk ahead inc case,2021-12-25,quantile,0.975,15,2054
2021-12-12,3 wk ahead inc case,2022-01-01,quantile,0.025,15,1350
2021-12-12,3 wk ahead inc case,2022-01-01,quantile,0.1,15,1545
2021-12-12,3 wk ahead inc case,2022-01-01,quantile,0.5,15,1898
2021-12-12,3 wk ahead inc case,2022-01-01,quantile,0.75,15,2121
2021-12-12,3 wk ahead inc case,2022-01-01,quantile,0.9,15,2318
2021-12-12,3 wk ahead inc case,2022-01-01,quantile,0.975,15,2501
2021-12-12,4 wk ahead inc case,2022-01-08,quantile,0.025,15,1407
2021-12-12,4 wk ahead inc case,2022-01-08,quantile,0.1,15,1646
2021-12-12,4 wk ahead inc case,2022-01-08,quantile,0.5,15,2200
2021-12-12,4 wk ahead inc case,2022-01-08,quantile,0.75,15,2555
2021-12-12,4 wk ahead inc case,2022-01-08,quantile,0.9,15,2889
2021-12-12,4 wk ahead inc case,2022-01-08,quantile,0.975,15,3350
2021-12-12,1 wk ahead inc case,2021-12-18,quantile,0.025,16,3273
2021-12-12,1 wk ahead inc case,2021-12-18,quantile,0.1,16,3395
2021-12-12,1 wk ahead inc case,2021-12-18,quantile,0.5,16,3610
2021-12-12,1 wk ahead inc case,2021-12-18,quantile,0.75,16,3718
2021-12-12,1 wk ahead inc case,2021-12-18,quantile,0.9,16,3823
2021-12-12,1 wk ahead inc case,2021-12-18,quantile,0.975,16,3966
2021-12-12,2 wk ahead inc case,2021-12-25,quantile,0.025,16,3474
2021-12-12,2 wk ahead inc case,2021-12-25,quantile,0.1,16,3760
2021-12-12,2 wk ahead inc case,2021-12-25,quantile,0.5,16,4218
2021-12-12,2 wk ahead inc case,2021-12-25,quantile,0.75,16,4451
2021-12-12,2 wk ahead inc case,2021-12-25,quantile,0.9,16,4637
2021-12-12,2 wk ahead inc case,2021-12-25,quantile,0.975,16,4960
2021-12-12,3 wk ahead inc case,2022-01-01,quantile,0.025,16,3302
2021-12-12,3 wk ahead inc case,2022-01-01,quantile,0.1,16,3595
2021-12-12,3 wk ahead inc case,2022-01-01,quantile,0.5,16,4046
2021-12-12,3 wk ahead inc case,2022-01-01,quantile,0.75,16,4384
2021-12-12,3 wk ahead inc case,2022-01-01,quantile,0.9,16,4649
2021-12-12,3 wk ahead inc case,2022-01-01,quantile,0.975,16,4895
2021-12-12,4 wk ahead inc case,2022-01-08,quantile,0.025,16,3306
2021-12-12,4 wk ahead inc case,2022-01-08,quantile,0.1,16,3436
2021-12-12,4 wk ahead inc case,2022-01-08,quantile,0.5,16,3989
2021-12-12,4 wk ahead inc case,2022-01-08,quantile,0.75,16,4340
2021-12-12,4 wk ahead inc case,2022-01-08,quantile,0.9,16,4681
2021-12-12,4 wk ahead inc case,2022-01-08,quantile,0.975,16,5083
2021-12-12,1 wk ahead inc case,2021-12-18,quantile,0.025,17,48398
2021-12-12,1 wk ahead inc case,2021-12-18,quantile,0.1,17,50415
2021-12-12,1 wk ahead inc case,2021-12-18,quantile,0.5,17,54966
2021-12-12,1 wk ahead inc case,2021-12-18,quantile,0.75,17,57398
2021-12-12,1 wk ahead inc case,2021-12-18,quantile,0.9,17,59149
2021-12-12,1 wk ahead inc case,2021-12-18,quantile,0.975,17,60775
2021-12-12,2 wk ahead inc case,2021-12-25,quantile,0.025,17,52574
2021-12-12,2 wk ahead inc case,2021-12-25,quantile,0.1,17,54859
2021-12-12,2 wk ahead inc case,2021-12-25,quantile,0.5,17,60395
2021-12-12,2 wk ahead inc case,2021-12-25,quantile,0.75,17,63984
2021-12-12,2 wk ahead inc case,2021-12-25,quantile,0.9,17,67368
2021-12-12,2 wk ahead inc case,2021-12-25,quantile,0.975,17,70991
2021-12-12,3 wk ahead inc case,2022-01-01,quantile,0.025,17,50904
2021-12-12,3 wk ahead inc case,2022-01-01,quantile,0.1,17,54317
2021-12-12,3 wk ahead inc case,2022-01-01,quantile,0.5,17,60025
2021-12-12,3 wk ahead inc case,2022-01-01,quantile,0.75,17,64095
2021-12-12,3 wk ahead inc case,2022-01-01,quantile,0.9,17,66660
2021-12-12,3 wk ahead inc case,2022-01-01,quantile,0.975,17,71993
2021-12-12,4 wk ahead inc case,2022-01-08,quantile,0.025,17,48600
2021-12-12,4 wk ahead inc case,2022-01-08,quantile,0.1,17,52361
2021-12-12,4 wk ahead inc case,2022-01-08,quantile,0.5,17,58793
2021-12-12,4 wk ahead inc case,2022-01-08,quantile,0.75,17,62616
2021-12-12,4 wk ahead inc case,2022-01-08,quantile,0.9,17,67194
2021-12-12,4 wk ahead inc case,2022-01-08,quantile,0.975,17,72091
2021-12-12,1 wk ahead inc case,2021-12-18,quantile,0.025,18,33670
2021-12-12,1 wk ahead inc case,2021-12-18,quantile,0.1,18,35418
2021-12-12,1 wk ahead inc case,2021-12-18,quantile,0.5,18,37848
2021-12-12,1 wk ahead inc case,2021-12-18,quantile,0.75,18,39317
2021-12-12,1 wk ahead inc case,2021-12-18,quantile,0.9,18,41025
2021-12-12,1 wk ahead inc case,2021-12-18,quantile,0.975,18,41902
2021-12-12,2 wk ahead inc case,2021-12-25,quantile,0.025,18,31899
2021-12-12,2 wk ahead inc case,2021-12-25,quantile,0.1,18,33781
2021-12-12,2 wk ahead inc case,2021-12-25,quantile,0.5,18,36975
2021-12-12,2 wk ahead inc case,2021-12-25,quantile,0.75,18,38658
2021-12-12,2 wk ahead inc case,2021-12-25,quantile,0.9,18,40260
2021-12-12,2 wk ahead inc case,2021-12-25,quantile,0.975,18,42687
2021-12-12,3 wk ahead inc case,2022-01-01,quantile,0.025,18,29779
2021-12-12,3 wk ahead inc case,2022-01-01,quantile,0.1,18,30906
2021-12-12,3 wk ahead inc case,2022-01-01,quantile,0.5,18,34284
2021-12-12,3 wk ahead inc case,2022-01-01,quantile,0.75,18,36143
2021-12-12,3 wk ahead inc case,2022-01-01,quantile,0.9,18,38206
2021-12-12,3 wk ahead inc case,2022-01-01,quantile,0.975,18,39942
2021-12-12,4 wk ahead inc case,2022-01-08,quantile,0.025,18,29094
2021-12-12,4 wk ahead inc case,2022-01-08,quantile,0.1,18,30370
2021-12-12,4 wk ahead inc case,2022-01-08,quantile,0.5,18,34255
2021-12-12,4 wk ahead inc case,2022-01-08,quantile,0.75,18,36849
2021-12-12,4 wk ahead inc case,2022-01-08,quantile,0.9,18,38451
2021-12-12,4 wk ahead inc case,2022-01-08,quantile,0.975,18,40101
2021-12-12,1 wk ahead inc case,2021-12-18,quantile,0.025,19,14653
2021-12-12,1 wk ahead inc case,2021-12-18,quantile,0.1,19,15068
2021-12-12,1 wk ahead inc case,2021-12-18,quantile,0.5,19,16001
2021-12-12,1 wk ahead inc case,2021-12-18,quantile,0.75,19,16608
2021-12-12,1 wk ahead inc case,2021-12-18,quantile,0.9,19,17043
2021-12-12,1 wk ahead inc case,2021-12-18,quantile,0.975,19,17515
2021-12-12,2 wk ahead inc case,2021-12-25,quantile,0.025,19,12885
2021-12-12,2 wk ahead inc case,2021-12-25,quantile,0.1,19,13682
2021-12-12,2 wk ahead inc case,2021-12-25,quantile,0.5,19,15204
2021-12-12,2 wk ahead inc case,2021-12-25,quantile,0.75,19,15969
2021-12-12,2 wk ahead inc case,2021-12-25,quantile,0.9,19,16745
2021-12-12,2 wk ahead inc case,2021-12-25,quantile,0.975,19,17330
2021-12-12,3 wk ahead inc case,2022-01-01,quantile,0.025,19,12301
2021-12-12,3 wk ahead inc case,2022-01-01,quantile,0.1,19,12944
2021-12-12,3 wk ahead inc case,2022-01-01,quantile,0.5,19,14475
2021-12-12,3 wk ahead inc case,2022-01-01,quantile,0.75,19,15178
2021-12-12,3 wk ahead inc case,2022-01-01,quantile,0.9,19,15936
2021-12-12,3 wk ahead inc case,2022-01-01,quantile,0.975,19,16506
2021-12-12,4 wk ahead inc case,2022-01-08,quantile,0.025,19,10991
2021-12-12,4 wk ahead inc case,2022-01-08,quantile,0.1,19,11803
2021-12-12,4 wk ahead inc case,2022-01-08,quantile,0.5,19,13359
2021-12-12,4 wk ahead inc case,2022-01-08,quantile,0.75,19,14219
2021-12-12,4 wk ahead inc case,2022-01-08,quantile,0.9,19,15039
2021-12-12,4 wk ahead inc case,2022-01-08,quantile,0.975,19,15724
2021-12-12,1 wk ahead inc case,2021-12-18,quantile,0.025,20,12625
2021-12-12,1 wk ahead inc case,2021-12-18,quantile,0.1,20,13244
2021-12-12,1 wk ahead inc case,2021-12-18,quantile,0.5,20,14348
2021-12-12,1 wk ahead inc case,2021-12-18,quantile,0.75,20,14879
2021-12-12,1 wk ahead inc case,2021-12-18,quantile,0.9,20,15379
2021-12-12,1 wk ahead inc case,2021-12-18,quantile,0.975,20,15911
2021-12-12,2 wk ahead inc case,2021-12-25,quantile,0.025,20,12091
2021-12-12,2 wk ahead inc case,2021-12-25,quantile,0.1,20,12577
2021-12-12,2 wk ahead inc case,2021-12-25,quantile,0.5,20,13726
2021-12-12,2 wk ahead inc case,2021-12-25,quantile,0.75,20,14451
2021-12-12,2 wk ahead inc case,2021-12-25,quantile,0.9,20,15087
2021-12-12,2 wk ahead inc case,2021-12-25,quantile,0.975,20,15499
2021-12-12,3 wk ahead inc case,2022-01-01,quantile,0.025,20,10713
2021-12-12,3 wk ahead inc case,2022-01-01,quantile,0.1,20,11420
2021-12-12,3 wk ahead inc case,2022-01-01,quantile,0.5,20,12504
2021-12-12,3 wk ahead inc case,2022-01-01,quantile,0.75,20,13229
2021-12-12,3 wk ahead inc case,2022-01-01,quantile,0.9,20,13863
2021-12-12,3 wk ahead inc case,2022-01-01,quantile,0.975,20,14361
2021-12-12,4 wk ahead inc case,2022-01-08,quantile,0.025,20,9586
2021-12-12,4 wk ahead inc case,2022-01-08,quantile,0.1,20,10137
2021-12-12,4 wk ahead inc case,2022-01-08,quantile,0.5,20,11341
2021-12-12,4 wk ahead inc case,2022-01-08,quantile,0.75,20,12102
2021-12-12,4 wk ahead inc case,2022-01-08,quantile,0.9,20,12806
2021-12-12,4 wk ahead inc case,2022-01-08,quantile,0.975,20,13503
2021-12-12,1 wk ahead inc case,2021-12-18,quantile,0.025,21,18305
2021-12-12,1 wk ahead inc case,2021-12-18,quantile,0.1,21,18901
2021-12-12,1 wk ahead inc case,2021-12-18,quantile,0.5,21,20409
2021-12-12,1 wk ahead inc case,2021-12-18,quantile,0.75,21,21119
2021-12-12,1 wk ahead inc case,2021-12-18,quantile,0.9,21,21776
2021-12-12,1 wk ahead inc case,2021-12-18,quantile,0.975,21,22409
2021-12-12,2 wk ahead inc case,2021-12-25,quantile,0.025,21,17082
2021-12-12,2 wk ahead inc case,2021-12-25,quantile,0.1,21,17852
2021-12-12,2 wk ahead inc case,2021-12-25,quantile,0.5,21,19740
2021-12-12,2 wk ahead inc case,2021-12-25,quantile,0.75,21,20741
2021-12-12,2 wk ahead inc case,2021-12-25,quantile,0.9,21,21846
2021-12-12,2 wk ahead inc case,2021-12-25,quantile,0.975,21,22833
2021-12-12,3 wk ahead inc case,2022-01-01,quantile,0.025,21,17087
2021-12-12,3 wk ahead inc case,2022-01-01,quantile,0.1,21,18171
2021-12-12,3 wk ahead inc case,2022-01-01,quantile,0.5,21,19980
2021-12-12,3 wk ahead inc case,2022-01-01,quantile,0.75,21,20903
2021-12-12,3 wk ahead inc case,2022-01-01,quantile,0.9,21,22242
2021-12-12,3 wk ahead inc case,2022-01-01,quantile,0.975,21,23079
2021-12-12,4 wk ahead inc case,2022-01-08,quantile,0.025,21,16222
2021-12-12,4 wk ahead inc case,2022-01-08,quantile,0.1,21,17101
2021-12-12,4 wk ahead inc case,2022-01-08,quantile,0.5,21,18953
2021-12-12,4 wk ahead inc case,2022-01-08,quantile,0.75,21,19962
2021-12-12,4 wk ahead inc case,2022-01-08,quantile,0.9,21,20860
2021-12-12,4 wk ahead inc case,2022-01-08,quantile,0.975,21,21922
2021-12-12,1 wk ahead inc case,2021-12-18,quantile,0.025,22,5449
2021-12-12,1 wk ahead inc case,2021-12-18,quantile,0.1,22,5630
2021-12-12,1 wk ahead inc case,2021-12-18,quantile,0.5,22,5943
2021-12-12,1 wk ahead inc case,2021-12-18,quantile,0.75,22,6132
2021-12-12,1 wk ahead inc case,2021-12-18,quantile,0.9,22,6289
2021-12-12,1 wk ahead inc case,2021-12-18,quantile,0.975,22,6412
2021-12-12,2 wk ahead inc case,2021-12-25,quantile,0.025,22,6337
2021-12-12,2 wk ahead inc case,2021-12-25,quantile,0.1,22,6509
2021-12-12,2 wk ahead inc case,2021-12-25,quantile,0.5,22,7286
2021-12-12,2 wk ahead inc case,2021-12-25,quantile,0.75,22,7678
2021-12-12,2 wk ahead inc case,2021-12-25,quantile,0.9,22,8116
2021-12-12,2 wk ahead inc case,2021-12-25,quantile,0.975,22,8459
2021-12-12,3 wk ahead inc case,2022-01-01,quantile,0.025,22,7592
2021-12-12,3 wk ahead inc case,2022-01-01,quantile,0.1,22,7889
2021-12-12,3 wk ahead inc case,2022-01-01,quantile,0.5,22,8884
2021-12-12,3 wk ahead inc case,2022-01-01,quantile,0.75,22,9406
2021-12-12,3 wk ahead inc case,2022-01-01,quantile,0.9,22,10076
2021-12-12,3 wk ahead inc case,2022-01-01,quantile,0.975,22,10873
2021-12-12,4 wk ahead inc case,2022-01-08,quantile,0.025,22,7530
2021-12-12,4 wk ahead inc case,2022-01-08,quantile,0.1,22,8199
2021-12-12,4 wk ahead inc case,2022-01-08,quantile,0.5,22,9434
2021-12-12,4 wk ahead inc case,2022-01-08,quantile,0.75,22,9961
2021-12-12,4 wk ahead inc case,2022-01-08,quantile,0.9,22,10785
2021-12-12,4 wk ahead inc case,2022-01-08,quantile,0.975,22,11284
2021-12-12,1 wk ahead inc case,2021-12-18,quantile,0.025,23,6092
2021-12-12,1 wk ahead inc case,2021-12-18,quantile,0.1,23,6416
2021-12-12,1 wk ahead inc case,2021-12-18,quantile,0.5,23,6941
2021-12-12,1 wk ahead inc case,2021-12-18,quantile,0.75,23,7205
2021-12-12,1 wk ahead inc case,2021-12-18,quantile,0.9,23,7473
2021-12-12,1 wk ahead inc case,2021-12-18,quantile,0.975,23,7771
2021-12-12,2 wk ahead inc case,2021-12-25,quantile,0.025,23,5857
2021-12-12,2 wk ahead inc case,2021-12-25,quantile,0.1,23,6354
2021-12-12,2 wk ahead inc case,2021-12-25,quantile,0.5,23,7151
2021-12-12,2 wk ahead inc case,2021-12-25,quantile,0.75,23,7530
2021-12-12,2 wk ahead inc case,2021-12-25,quantile,0.9,23,7979
2021-12-12,2 wk ahead inc case,2021-12-25,quantile,0.975,23,8470
2021-12-12,3 wk ahead inc case,2022-01-01,quantile,0.025,23,6302
2021-12-12,3 wk ahead inc case,2022-01-01,quantile,0.1,23,6721
2021-12-12,3 wk ahead inc case,2022-01-01,quantile,0.5,23,7647
2021-12-12,3 wk ahead inc case,2022-01-01,quantile,0.75,23,8232
2021-12-12,3 wk ahead inc case,2022-01-01,quantile,0.9,23,8626
2021-12-12,3 wk ahead inc case,2022-01-01,quantile,0.975,23,9060
2021-12-12,4 wk ahead inc case,2022-01-08,quantile,0.025,23,6546
2021-12-12,4 wk ahead inc case,2022-01-08,quantile,0.1,23,7023
2021-12-12,4 wk ahead inc case,2022-01-08,quantile,0.5,23,8158
2021-12-12,4 wk ahead inc case,2022-01-08,quantile,0.75,23,8758
2021-12-12,4 wk ahead inc case,2022-01-08,quantile,0.9,23,9422
2021-12-12,4 wk ahead inc case,2022-01-08,quantile,0.975,23,10060
2021-12-12,1 wk ahead inc case,2021-12-18,quantile,0.025,24,11506
2021-12-12,1 wk ahead inc case,2021-12-18,quantile,0.1,24,11867
2021-12-12,1 wk ahead inc case,2021-12-18,quantile,0.5,24,12877
2021-12-12,1 wk ahead inc case,2021-12-18,quantile,0.75,24,13310
2021-12-12,1 wk ahead inc case,2021-12-18,quantile,0.9,24,13758
2021-12-12,1 wk ahead inc case,2021-12-18,quantile,0.975,24,14517
2021-12-12,2 wk ahead inc case,2021-12-25,quantile,0.025,24,12542
2021-12-12,2 wk ahead inc case,2021-12-25,quantile,0.1,24,13230
2021-12-12,2 wk ahead inc case,2021-12-25,quantile,0.5,24,14858
2021-12-12,2 wk ahead inc case,2021-12-25,quantile,0.75,24,15546
2021-12-12,2 wk ahead inc case,2021-12-25,quantile,0.9,24,16422
2021-12-12,2 wk ahead inc case,2021-12-25,quantile,0.975,24,17274
2021-12-12,3 wk ahead inc case,2022-01-01,quantile,0.025,24,13337
2021-12-12,3 wk ahead inc case,2022-01-01,quantile,0.1,24,14152
2021-12-12,3 wk ahead inc case,2022-01-01,quantile,0.5,24,16070
2021-12-12,3 wk ahead inc case,2022-01-01,quantile,0.75,24,17009
2021-12-12,3 wk ahead inc case,2022-01-01,quantile,0.9,24,18210
2021-12-12,3 wk ahead inc case,2022-01-01,quantile,0.975,24,19708
2021-12-12,4 wk ahead inc case,2022-01-08,quantile,0.025,24,13996
2021-12-12,4 wk ahead inc case,2022-01-08,quantile,0.1,24,14738
2021-12-12,4 wk ahead inc case,2022-01-08,quantile,0.5,24,17327
2021-12-12,4 wk ahead inc case,2022-01-08,quantile,0.75,24,18466
2021-12-12,4 wk ahead inc case,2022-01-08,quantile,0.9,24,20077
2021-12-12,4 wk ahead inc case,2022-01-08,quantile,0.975,24,21581
2021-12-12,1 wk ahead inc case,2021-12-18,quantile,0.025,25,33081
2021-12-12,1 wk ahead inc case,2021-12-18,quantile,0.1,25,34691
2021-12-12,1 wk ahead inc case,2021-12-18,quantile,0.5,25,37307
2021-12-12,1 wk ahead inc case,2021-12-18,quantile,0.75,25,38737
2021-12-12,1 wk ahead inc case,2021-12-18,quantile,0.9,25,40148
2021-12-12,1 wk ahead inc case,2021-12-18,quantile,0.975,25,41895
2021-12-12,2 wk ahead inc case,2021-12-25,quantile,0.025,25,31810
2021-12-12,2 wk ahead inc case,2021-12-25,quantile,0.1,25,33978
2021-12-12,2 wk ahead inc case,2021-12-25,quantile,0.5,25,37880
2021-12-12,2 wk ahead inc case,2021-12-25,quantile,0.75,25,39344
2021-12-12,2 wk ahead inc case,2021-12-25,quantile,0.9,25,41122
2021-12-12,2 wk ahead inc case,2021-12-25,quantile,0.975,25,43709
2021-12-12,3 wk ahead inc case,2022-01-01,quantile,0.025,25,31345
2021-12-12,3 wk ahead inc case,2022-01-01,quantile,0.1,25,33856
2021-12-12,3 wk ahead inc case,2022-01-01,quantile,0.5,25,38038
2021-12-12,3 wk ahead inc case,2022-01-01,quantile,0.75,25,40934
2021-12-12,3 wk ahead inc case,2022-01-01,quantile,0.9,25,42483
2021-12-12,3 wk ahead inc case,2022-01-01,quantile,0.975,25,44385
2021-12-12,4 wk ahead inc case,2022-01-08,quantile,0.025,25,29350
2021-12-12,4 wk ahead inc case,2022-01-08,quantile,0.1,25,32823
2021-12-12,4 wk ahead inc case,2022-01-08,quantile,0.5,25,37117
2021-12-12,4 wk ahead inc case,2022-01-08,quantile,0.75,25,40266
2021-12-12,4 wk ahead inc case,2022-01-08,quantile,0.9,25,43081
2021-12-12,4 wk ahead inc case,2022-01-08,quantile,0.975,25,45183
2021-12-12,1 wk ahead inc case,2021-12-18,quantile,0.025,26,53319
2021-12-12,1 wk ahead inc case,2021-12-18,quantile,0.1,26,55723
2021-12-12,1 wk ahead inc case,2021-12-18,quantile,0.5,26,60254
2021-12-12,1 wk ahead inc case,2021-12-18,quantile,0.75,26,62611
2021-12-12,1 wk ahead inc case,2021-12-18,quantile,0.9,26,64727
2021-12-12,1 wk ahead inc case,2021-12-18,quantile,0.975,26,66220
2021-12-12,2 wk ahead inc case,2021-12-25,quantile,0.025,26,52866
2021-12-12,2 wk ahead inc case,2021-12-25,quantile,0.1,26,56135
2021-12-12,2 wk ahead inc case,2021-12-25,quantile,0.5,26,62266
2021-12-12,2 wk ahead inc case,2021-12-25,quantile,0.75,26,66243
2021-12-12,2 wk ahead inc case,2021-12-25,quantile,0.9,26,69406
2021-12-12,2 wk ahead inc case,2021-12-25,quantile,0.975,26,72366
2021-12-12,3 wk ahead inc case,2022-01-01,quantile,0.025,26,56049
2021-12-12,3 wk ahead inc case,2022-01-01,quantile,0.1,26,60102
2021-12-12,3 wk ahead inc case,2022-01-01,quantile,0.5,26,66090
2021-12-12,3 wk ahead inc case,2022-01-01,quantile,0.75,26,70230
2021-12-12,3 wk ahead inc case,2022-01-01,quantile,0.9,26,74886
2021-12-12,3 wk ahead inc case,2022-01-01,quantile,0.975,26,79048
2021-12-12,4 wk ahead inc case,2022-01-08,quantile,0.025,26,51023
2021-12-12,4 wk ahead inc case,2022-01-08,quantile,0.1,26,53881
2021-12-12,4 wk ahead inc case,2022-01-08,quantile,0.5,26,60874
2021-12-12,4 wk ahead inc case,2022-01-08,quantile,0.75,26,65449
2021-12-12,4 wk ahead inc case,2022-01-08,quantile,0.9,26,69517
2021-12-12,4 wk ahead inc case,2022-01-08,quantile,0.975,26,74663
2021-12-12,1 wk ahead inc case,2021-12-18,quantile,0.025,27,29626
2021-12-12,1 wk ahead inc case,2021-12-18,quantile,0.1,27,31108
2021-12-12,1 wk ahead inc case,2021-12-18,quantile,0.5,27,33099
2021-12-12,1 wk ahead inc case,2021-12-18,quantile,0.75,27,34297
2021-12-12,1 wk ahead inc case,2021-12-18,quantile,0.9,27,35558
2021-12-12,1 wk ahead inc case,2021-12-18,quantile,0.975,27,37439
2021-12-12,2 wk ahead inc case,2021-12-25,quantile,0.025,27,26061
2021-12-12,2 wk ahead inc case,2021-12-25,quantile,0.1,27,27712
2021-12-12,2 wk ahead inc case,2021-12-25,quantile,0.5,27,30473
2021-12-12,2 wk ahead inc case,2021-12-25,quantile,0.75,27,32151
2021-12-12,2 wk ahead inc case,2021-12-25,quantile,0.9,27,33358
2021-12-12,2 wk ahead inc case,2021-12-25,quantile,0.975,27,34698
2021-12-12,3 wk ahead inc case,2022-01-01,quantile,0.025,27,23934
2021-12-12,3 wk ahead inc case,2022-01-01,quantile,0.1,27,24856
2021-12-12,3 wk ahead inc case,2022-01-01,quantile,0.5,27,27438
2021-12-12,3 wk ahead inc case,2022-01-01,quantile,0.75,27,28856
2021-12-12,3 wk ahead inc case,2022-01-01,quantile,0.9,27,30154
2021-12-12,3 wk ahead inc case,2022-01-01,quantile,0.975,27,32346
2021-12-12,4 wk ahead inc case,2022-01-08,quantile,0.025,27,21118
2021-12-12,4 wk ahead inc case,2022-01-08,quantile,0.1,27,22645
2021-12-12,4 wk ahead inc case,2022-01-08,quantile,0.5,27,25158
2021-12-12,4 wk ahead inc case,2022-01-08,quantile,0.75,27,26855
2021-12-12,4 wk ahead inc case,2022-01-08,quantile,0.9,27,28337
2021-12-12,4 wk ahead inc case,2022-01-08,quantile,0.975,27,30201
2021-12-12,1 wk ahead inc case,2021-12-18,quantile,0.025,28,3486
2021-12-12,1 wk ahead inc case,2021-12-18,quantile,0.1,28,3585
2021-12-12,1 wk ahead inc case,2021-12-18,quantile,0.5,28,3743
2021-12-12,1 wk ahead inc case,2021-12-18,quantile,0.75,28,3827
2021-12-12,1 wk ahead inc case,2021-12-18,quantile,0.9,28,3914
2021-12-12,1 wk ahead inc case,2021-12-18,quantile,0.975,28,4052
2021-12-12,2 wk ahead inc case,2021-12-25,quantile,0.025,28,4164
2021-12-12,2 wk ahead inc case,2021-12-25,quantile,0.1,28,4325
2021-12-12,2 wk ahead inc case,2021-12-25,quantile,0.5,28,4795
2021-12-12,2 wk ahead inc case,2021-12-25,quantile,0.75,28,5133
2021-12-12,2 wk ahead inc case,2021-12-25,quantile,0.9,28,5356
2021-12-12,2 wk ahead inc case,2021-12-25,quantile,0.975,28,5624
2021-12-12,3 wk ahead inc case,2022-01-01,quantile,0.025,28,4955
2021-12-12,3 wk ahead inc case,2022-01-01,quantile,0.1,28,5246
2021-12-12,3 wk ahead inc case,2022-01-01,quantile,0.5,28,5943
2021-12-12,3 wk ahead inc case,2022-01-01,quantile,0.75,28,6279
2021-12-12,3 wk ahead inc case,2022-01-01,quantile,0.9,28,6664
2021-12-12,3 wk ahead inc case,2022-01-01,quantile,0.975,28,7009
2021-12-12,4 wk ahead inc case,2022-01-08,quantile,0.025,28,4877
2021-12-12,4 wk ahead inc case,2022-01-08,quantile,0.1,28,5365
2021-12-12,4 wk ahead inc case,2022-01-08,quantile,0.5,28,6204
2021-12-12,4 wk ahead inc case,2022-01-08,quantile,0.75,28,6637
2021-12-12,4 wk ahead inc case,2022-01-08,quantile,0.9,28,6993
2021-12-12,4 wk ahead inc case,2022-01-08,quantile,0.975,28,7515
2021-12-12,1 wk ahead inc case,2021-12-18,quantile,0.025,29,22497
2021-12-12,1 wk ahead inc case,2021-12-18,quantile,0.1,29,23630
2021-12-12,1 wk ahead inc case,2021-12-18,quantile,0.5,29,25284
2021-12-12,1 wk ahead inc case,2021-12-18,quantile,0.75,29,26156
2021-12-12,1 wk ahead inc case,2021-12-18,quantile,0.9,29,27192
2021-12-12,1 wk ahead inc case,2021-12-18,quantile,0.975,29,28181
2021-12-12,2 wk ahead inc case,2021-12-25,quantile,0.025,29,22857
2021-12-12,2 wk ahead inc case,2021-12-25,quantile,0.1,29,23438
2021-12-12,2 wk ahead inc case,2021-12-25,quantile,0.5,29,25969
2021-12-12,2 wk ahead inc case,2021-12-25,quantile,0.75,29,27375
2021-12-12,2 wk ahead inc case,2021-12-25,quantile,0.9,29,28657
2021-12-12,2 wk ahead inc case,2021-12-25,quantile,0.975,29,29959
2021-12-12,3 wk ahead inc case,2022-01-01,quantile,0.025,29,21262
2021-12-12,3 wk ahead inc case,2022-01-01,quantile,0.1,29,22549
2021-12-12,3 wk ahead inc case,2022-01-01,quantile,0.5,29,25170
2021-12-12,3 wk ahead inc case,2022-01-01,quantile,0.75,29,26643
2021-12-12,3 wk ahead inc case,2022-01-01,quantile,0.9,29,27779
2021-12-12,3 wk ahead inc case,2022-01-01,quantile,0.975,29,29073
2021-12-12,4 wk ahead inc case,2022-01-08,quantile,0.025,29,20249
2021-12-12,4 wk ahead inc case,2022-01-08,quantile,0.1,29,21596
2021-12-12,4 wk ahead inc case,2022-01-08,quantile,0.5,29,24207
2021-12-12,4 wk ahead inc case,2022-01-08,quantile,0.75,29,25504
2021-12-12,4 wk ahead inc case,2022-01-08,quantile,0.9,29,26992
2021-12-12,4 wk ahead inc case,2022-01-08,quantile,0.975,29,28283
2021-12-12,1 wk ahead inc case,2021-12-18,quantile,0.025,30,1736
2021-12-12,1 wk ahead inc case,2021-12-18,quantile,0.1,30,1803
2021-12-12,1 wk ahead inc case,2021-12-18,quantile,0.5,30,1967
2021-12-12,1 wk ahead inc case,2021-12-18,quantile,0.75,30,2041
2021-12-12,1 wk ahead inc case,2021-12-18,quantile,0.9,30,2094
2021-12-12,1 wk ahead inc case,2021-12-18,quantile,0.975,30,2163
2021-12-12,2 wk ahead inc case,2021-12-25,quantile,0.025,30,1518
2021-12-12,2 wk ahead inc case,2021-12-25,quantile,0.1,30,1622
2021-12-12,2 wk ahead inc case,2021-12-25,quantile,0.5,30,1900
2021-12-12,2 wk ahead inc case,2021-12-25,quantile,0.75,30,2032
2021-12-12,2 wk ahead inc case,2021-12-25,quantile,0.9,30,2133
2021-12-12,2 wk ahead inc case,2021-12-25,quantile,0.975,30,2259
2021-12-12,3 wk ahead inc case,2022-01-01,quantile,0.025,30,1455
2021-12-12,3 wk ahead inc case,2022-01-01,quantile,0.1,30,1598
2021-12-12,3 wk ahead inc case,2022-01-01,quantile,0.5,30,1860
2021-12-12,3 wk ahead inc case,2022-01-01,quantile,0.75,30,2013
2021-12-12,3 wk ahead inc case,2022-01-01,quantile,0.9,30,2158
2021-12-12,3 wk ahead inc case,2022-01-01,quantile,0.975,30,2319
2021-12-12,4 wk ahead inc case,2022-01-08,quantile,0.025,30,1400
2021-12-12,4 wk ahead inc case,2022-01-08,quantile,0.1,30,1565
2021-12-12,4 wk ahead inc case,2022-01-08,quantile,0.5,30,1825
2021-12-12,4 wk ahead inc case,2022-01-08,quantile,0.75,30,1996
2021-12-12,4 wk ahead inc case,2022-01-08,quantile,0.9,30,2100
2021-12-12,4 wk ahead inc case,2022-01-08,quantile,0.975,30,2264
2021-12-12,1 wk ahead inc case,2021-12-18,quantile,0.025,31,6820
2021-12-12,1 wk ahead inc case,2021-12-18,quantile,0.1,31,7160
2021-12-12,1 wk ahead inc case,2021-12-18,quantile,0.5,31,7694
2021-12-12,1 wk ahead inc case,2021-12-18,quantile,0.75,31,7955
2021-12-12,1 wk ahead inc case,2021-12-18,quantile,0.9,31,8171
2021-12-12,1 wk ahead inc case,2021-12-18,quantile,0.975,31,8460
2021-12-12,2 wk ahead inc case,2021-12-25,quantile,0.025,31,6413
2021-12-12,2 wk ahead inc case,2021-12-25,quantile,0.1,31,6781
2021-12-12,2 wk ahead inc case,2021-12-25,quantile,0.5,31,7456
2021-12-12,2 wk ahead inc case,2021-12-25,quantile,0.75,31,7956
2021-12-12,2 wk ahead inc case,2021-12-25,quantile,0.9,31,8196
2021-12-12,2 wk ahead inc case,2021-12-25,quantile,0.975,31,8513
2021-12-12,3 wk ahead inc case,2022-01-01,quantile,0.025,31,5742
2021-12-12,3 wk ahead inc case,2022-01-01,quantile,0.1,31,6095
2021-12-12,3 wk ahead inc case,2022-01-01,quantile,0.5,31,6855
2021-12-12,3 wk ahead inc case,2022-01-01,quantile,0.75,31,7222
2021-12-12,3 wk ahead inc case,2022-01-01,quantile,0.9,31,7635
2021-12-12,3 wk ahead inc case,2022-01-01,quantile,0.975,31,8104
2021-12-12,4 wk ahead inc case,2022-01-08,quantile,0.025,31,5056
2021-12-12,4 wk ahead inc case,2022-01-08,quantile,0.1,31,5368
2021-12-12,4 wk ahead inc case,2022-01-08,quantile,0.5,31,6029
2021-12-12,4 wk ahead inc case,2022-01-08,quantile,0.75,31,6482
2021-12-12,4 wk ahead inc case,2022-01-08,quantile,0.9,31,6874
2021-12-12,4 wk ahead inc case,2022-01-08,quantile,0.975,31,7542
2021-12-12,1 wk ahead inc case,2021-12-18,quantile,0.025,32,4743
2021-12-12,1 wk ahead inc case,2021-12-18,quantile,0.1,32,4940
2021-12-12,1 wk ahead inc case,2021-12-18,quantile,0.5,32,5370
2021-12-12,1 wk ahead inc case,2021-12-18,quantile,0.75,32,5683
2021-12-12,1 wk ahead inc case,2021-12-18,quantile,0.9,32,5883
2021-12-12,1 wk ahead inc case,2021-12-18,quantile,0.975,32,6095
2021-12-12,2 wk ahead inc case,2021-12-25,quantile,0.025,32,4035
2021-12-12,2 wk ahead inc case,2021-12-25,quantile,0.1,32,4307
2021-12-12,2 wk ahead inc case,2021-12-25,quantile,0.5,32,4935
2021-12-12,2 wk ahead inc case,2021-12-25,quantile,0.75,32,5246
2021-12-12,2 wk ahead inc case,2021-12-25,quantile,0.9,32,5510
2021-12-12,2 wk ahead inc case,2021-12-25,quantile,0.975,32,5879
2021-12-12,3 wk ahead inc case,2022-01-01,quantile,0.025,32,4476
2021-12-12,3 wk ahead inc case,2022-01-01,quantile,0.1,32,4878
2021-12-12,3 wk ahead inc case,2022-01-01,quantile,0.5,32,6015
2021-12-12,3 wk ahead inc case,2022-01-01,quantile,0.75,32,6551
2021-12-12,3 wk ahead inc case,2022-01-01,quantile,0.9,32,7033
2021-12-12,3 wk ahead inc case,2022-01-01,quantile,0.975,32,7361
2021-12-12,4 wk ahead inc case,2022-01-08,quantile,0.025,32,4500
2021-12-12,4 wk ahead inc case,2022-01-08,quantile,0.1,32,5017
2021-12-12,4 wk ahead inc case,2022-01-08,quantile,0.5,32,6345
2021-12-12,4 wk ahead inc case,2022-01-08,quantile,0.75,32,7112
2021-12-12,4 wk ahead inc case,2022-01-08,quantile,0.9,32,7813
2021-12-12,4 wk ahead inc case,2022-01-08,quantile,0.975,32,8411
2021-12-12,1 wk ahead inc case,2021-12-18,quantile,0.025,33,8095
2021-12-12,1 wk ahead inc case,2021-12-18,quantile,0.1,33,8458
2021-12-12,1 wk ahead inc case,2021-12-18,quantile,0.5,33,9080
2021-12-12,1 wk ahead inc case,2021-12-18,quantile,0.75,33,9347
2021-12-12,1 wk ahead inc case,2021-12-18,quantile,0.9,33,9668
2021-12-12,1 wk ahead inc case,2021-12-18,quantile,0.975,33,10011
2021-12-12,2 wk ahead inc case,2021-12-25,quantile,0.025,33,7117
2021-12-12,2 wk ahead inc case,2021-12-25,quantile,0.1,33,7468
2021-12-12,2 wk ahead inc case,2021-12-25,quantile,0.5,33,8155
2021-12-12,2 wk ahead inc case,2021-12-25,quantile,0.75,33,8515
2021-12-12,2 wk ahead inc case,2021-12-25,quantile,0.9,33,8801
2021-12-12,2 wk ahead inc case,2021-12-25,quantile,0.975,33,9172
2021-12-12,3 wk ahead inc case,2022-01-01,quantile,0.025,33,6215
2021-12-12,3 wk ahead inc case,2022-01-01,quantile,0.1,33,6611
2021-12-12,3 wk ahead inc case,2022-01-01,quantile,0.5,33,7408
2021-12-12,3 wk ahead inc case,2022-01-01,quantile,0.75,33,7785
2021-12-12,3 wk ahead inc case,2022-01-01,quantile,0.9,33,8169
2021-12-12,3 wk ahead inc case,2022-01-01,quantile,0.975,33,8577
2021-12-12,4 wk ahead inc case,2022-01-08,quantile,0.025,33,5559
2021-12-12,4 wk ahead inc case,2022-01-08,quantile,0.1,33,5879
2021-12-12,4 wk ahead inc case,2022-01-08,quantile,0.5,33,6764
2021-12-12,4 wk ahead inc case,2022-01-08,quantile,0.75,33,7153
2021-12-12,4 wk ahead inc case,2022-01-08,quantile,0.9,33,7513
2021-12-12,4 wk ahead inc case,2022-01-08,quantile,0.975,33,7950
2021-12-12,1 wk ahead inc case,2021-12-18,quantile,0.025,34,28571
2021-12-12,1 wk ahead inc case,2021-12-18,quantile,0.1,34,29510
2021-12-12,1 wk ahead inc case,2021-12-18,quantile,0.5,34,31610
2021-12-12,1 wk ahead inc case,2021-12-18,quantile,0.75,34,32715
2021-12-12,1 wk ahead inc case,2021-12-18,quantile,0.9,34,33744
2021-12-12,1 wk ahead inc case,2021-12-18,quantile,0.975,34,34853
2021-12-12,2 wk ahead inc case,2021-12-25,quantile,0.025,34,25595
2021-12-12,2 wk ahead inc case,2021-12-25,quantile,0.1,34,26850
2021-12-12,2 wk ahead inc case,2021-12-25,quantile,0.5,34,29890
2021-12-12,2 wk ahead inc case,2021-12-25,quantile,0.75,34,31731
2021-12-12,2 wk ahead inc case,2021-12-25,quantile,0.9,34,33298
2021-12-12,2 wk ahead inc case,2021-12-25,quantile,0.975,34,34243
2021-12-12,3 wk ahead inc case,2022-01-01,quantile,0.025,34,24244
2021-12-12,3 wk ahead inc case,2022-01-01,quantile,0.1,34,26672
2021-12-12,3 wk ahead inc case,2022-01-01,quantile,0.5,34,31735
2021-12-12,3 wk ahead inc case,2022-01-01,quantile,0.75,34,33847
2021-12-12,3 wk ahead inc case,2022-01-01,quantile,0.9,34,36476
2021-12-12,3 wk ahead inc case,2022-01-01,quantile,0.975,34,37986
2021-12-12,4 wk ahead inc case,2022-01-08,quantile,0.025,34,21405
2021-12-12,4 wk ahead inc case,2022-01-08,quantile,0.1,34,24813
2021-12-12,4 wk ahead inc case,2022-01-08,quantile,0.5,34,31024
2021-12-12,4 wk ahead inc case,2022-01-08,quantile,0.75,34,34101
2021-12-12,4 wk ahead inc case,2022-01-08,quantile,0.9,34,35952
2021-12-12,4 wk ahead inc case,2022-01-08,quantile,0.975,34,38967
2021-12-12,1 wk ahead inc case,2021-12-18,quantile,0.025,35,7290
2021-12-12,1 wk ahead inc case,2021-12-18,quantile,0.1,35,7466
2021-12-12,1 wk ahead inc case,2021-12-18,quantile,0.5,35,8154
2021-12-12,1 wk ahead inc case,2021-12-18,quantile,0.75,35,8428
2021-12-12,1 wk ahead inc case,2021-12-18,quantile,0.9,35,8696
2021-12-12,1 wk ahead inc case,2021-12-18,quantile,0.975,35,9033
2021-12-12,2 wk ahead inc case,2021-12-25,quantile,0.025,35,6977
2021-12-12,2 wk ahead inc case,2021-12-25,quantile,0.1,35,7204
2021-12-12,2 wk ahead inc case,2021-12-25,quantile,0.5,35,8161
2021-12-12,2 wk ahead inc case,2021-12-25,quantile,0.75,35,8639
2021-12-12,2 wk ahead inc case,2021-12-25,quantile,0.9,35,9034
2021-12-12,2 wk ahead inc case,2021-12-25,quantile,0.975,35,9519
2021-12-12,3 wk ahead inc case,2022-01-01,quantile,0.025,35,6301
2021-12-12,3 wk ahead inc case,2022-01-01,quantile,0.1,35,6770
2021-12-12,3 wk ahead inc case,2022-01-01,quantile,0.5,35,7612
2021-12-12,3 wk ahead inc case,2022-01-01,quantile,0.75,35,8226
2021-12-12,3 wk ahead inc case,2022-01-01,quantile,0.9,35,8754
2021-12-12,3 wk ahead inc case,2022-01-01,quantile,0.975,35,9093
2021-12-12,4 wk ahead inc case,2022-01-08,quantile,0.025,35,5359
2021-12-12,4 wk ahead inc case,2022-01-08,quantile,0.1,35,5885
2021-12-12,4 wk ahead inc case,2022-01-08,quantile,0.5,35,7022
2021-12-12,4 wk ahead inc case,2022-01-08,quantile,0.75,35,7616
2021-12-12,4 wk ahead inc case,2022-01-08,quantile,0.9,35,8231
2021-12-12,4 wk ahead inc case,2022-01-08,quantile,0.975,35,9002
2021-12-12,1 wk ahead inc case,2021-12-18,quantile,0.025,36,70211
2021-12-12,1 wk ahead inc case,2021-12-18,quantile,0.1,36,73050
2021-12-12,1 wk ahead inc case,2021-12-18,quantile,0.5,36,78598
2021-12-12,1 wk ahead inc case,2021-12-18,quantile,0.75,36,82134
2021-12-12,1 wk ahead inc case,2021-12-18,quantile,0.9,36,84965
2021-12-12,1 wk ahead inc case,2021-12-18,quantile,0.975,36,86776
2021-12-12,2 wk ahead inc case,2021-12-25,quantile,0.025,36,71261
2021-12-12,2 wk ahead inc case,2021-12-25,quantile,0.1,36,74603
2021-12-12,2 wk ahead inc case,2021-12-25,quantile,0.5,36,82426
2021-12-12,2 wk ahead inc case,2021-12-25,quantile,0.75,36,87853
2021-12-12,2 wk ahead inc case,2021-12-25,quantile,0.9,36,92450
2021-12-12,2 wk ahead inc case,2021-12-25,quantile,0.975,36,96457
2021-12-12,3 wk ahead inc case,2022-01-01,quantile,0.025,36,72100
2021-12-12,3 wk ahead inc case,2022-01-01,quantile,0.1,36,77359
2021-12-12,3 wk ahead inc case,2022-01-01,quantile,0.5,36,86951
2021-12-12,3 wk ahead inc case,2022-01-01,quantile,0.75,36,90886
2021-12-12,3 wk ahead inc case,2022-01-01,quantile,0.9,36,97723
2021-12-12,3 wk ahead inc case,2022-01-01,quantile,0.975,36,102641
2021-12-12,4 wk ahead inc case,2022-01-08,quantile,0.025,36,71678
2021-12-12,4 wk ahead inc case,2022-01-08,quantile,0.1,36,78414
2021-12-12,4 wk ahead inc case,2022-01-08,quantile,0.5,36,88676
2021-12-12,4 wk ahead inc case,2022-01-08,quantile,0.75,36,95559
2021-12-12,4 wk ahead inc case,2022-01-08,quantile,0.9,36,102086
2021-12-12,4 wk ahead inc case,2022-01-08,quantile,0.975,36,107114
2021-12-12,1 wk ahead inc case,2021-12-18,quantile,0.025,37,25541
2021-12-12,1 wk ahead inc case,2021-12-18,quantile,0.1,37,26901
2021-12-12,1 wk ahead inc case,2021-12-18,quantile,0.5,37,28755
2021-12-12,1 wk ahead inc case,2021-12-18,quantile,0.75,37,29621
2021-12-12,1 wk ahead inc case,2021-12-18,quantile,0.9,37,30654
2021-12-12,1 wk ahead inc case,2021-12-18,quantile,0.975,37,31779
2021-12-12,2 wk ahead inc case,2021-12-25,quantile,0.025,37,25072
2021-12-12,2 wk ahead inc case,2021-12-25,quantile,0.1,37,26157
2021-12-12,2 wk ahead inc case,2021-12-25,quantile,0.5,37,29008
2021-12-12,2 wk ahead inc case,2021-12-25,quantile,0.75,37,30514
2021-12-12,2 wk ahead inc case,2021-12-25,quantile,0.9,37,31969
2021-12-12,2 wk ahead inc case,2021-12-25,quantile,0.975,37,33701
2021-12-12,3 wk ahead inc case,2022-01-01,quantile,0.025,37,25768
2021-12-12,3 wk ahead inc case,2022-01-01,quantile,0.1,37,27634
2021-12-12,3 wk ahead inc case,2022-01-01,quantile,0.5,37,30958
2021-12-12,3 wk ahead inc case,2022-01-01,quantile,0.75,37,32412
2021-12-12,3 wk ahead inc case,2022-01-01,quantile,0.9,37,34109
2021-12-12,3 wk ahead inc case,2022-01-01,quantile,0.975,37,36342
2021-12-12,4 wk ahead inc case,2022-01-08,quantile,0.025,37,25055
2021-12-12,4 wk ahead inc case,2022-01-08,quantile,0.1,37,27188
2021-12-12,4 wk ahead inc case,2022-01-08,quantile,0.5,37,30892
2021-12-12,4 wk ahead inc case,2022-01-08,quantile,0.75,37,33406
2021-12-12,4 wk ahead inc case,2022-01-08,quantile,0.9,37,34975
2021-12-12,4 wk ahead inc case,2022-01-08,quantile,0.975,37,37100
2021-12-12,1 wk ahead inc case,2021-12-18,quantile,0.025,38,2418
2021-12-12,1 wk ahead inc case,2021-12-18,quantile,0.1,38,2509
2021-12-12,1 wk ahead inc case,2021-12-18,quantile,0.5,38,2751
2021-12-12,1 wk ahead inc case,2021-12-18,quantile,0.75,38,2849
2021-12-12,1 wk ahead inc case,2021-12-18,quantile,0.9,38,2929
2021-12-12,1 wk ahead inc case,2021-12-18,quantile,0.975,38,3000
2021-12-12,2 wk ahead inc case,2021-12-25,quantile,0.025,38,2010
2021-12-12,2 wk ahead inc case,2021-12-25,quantile,0.1,38,2156
2021-12-12,2 wk ahead inc case,2021-12-25,quantile,0.5,38,2371
2021-12-12,2 wk ahead inc case,2021-12-25,quantile,0.75,38,2511
2021-12-12,2 wk ahead inc case,2021-12-25,quantile,0.9,38,2618
2021-12-12,2 wk ahead inc case,2021-12-25,quantile,0.975,38,2776
2021-12-12,3 wk ahead inc case,2022-01-01,quantile,0.025,38,1799
2021-12-12,3 wk ahead inc case,2022-01-01,quantile,0.1,38,1903
2021-12-12,3 wk ahead inc case,2022-01-01,quantile,0.5,38,2140
2021-12-12,3 wk ahead inc case,2022-01-01,quantile,0.75,38,2271
2021-12-12,3 wk ahead inc case,2022-01-01,quantile,0.9,38,2380
2021-12-12,3 wk ahead inc case,2022-01-01,quantile,0.975,38,2487
2021-12-12,4 wk ahead inc case,2022-01-08,quantile,0.025,38,1622
2021-12-12,4 wk ahead inc case,2022-01-08,quantile,0.1,38,1700
2021-12-12,4 wk ahead inc case,2022-01-08,quantile,0.5,38,1949
2021-12-12,4 wk ahead inc case,2022-01-08,quantile,0.75,38,2061
2021-12-12,4 wk ahead inc case,2022-01-08,quantile,0.9,38,2170
2021-12-12,4 wk ahead inc case,2022-01-08,quantile,0.975,38,2310
2021-12-12,1 wk ahead inc case,2021-12-18,quantile,0.025,39,46810
2021-12-12,1 wk ahead inc case,2021-12-18,quantile,0.1,39,50137
2021-12-12,1 wk ahead inc case,2021-12-18,quantile,0.5,39,53534
2021-12-12,1 wk ahead inc case,2021-12-18,quantile,0.75,39,55796
2021-12-12,1 wk ahead inc case,2021-12-18,quantile,0.9,39,57598
2021-12-12,1 wk ahead inc case,2021-12-18,quantile,0.975,39,58871
2021-12-12,2 wk ahead inc case,2021-12-25,quantile,0.025,39,45394
2021-12-12,2 wk ahead inc case,2021-12-25,quantile,0.1,39,47548
2021-12-12,2 wk ahead inc case,2021-12-25,quantile,0.5,39,51726
2021-12-12,2 wk ahead inc case,2021-12-25,quantile,0.75,39,54505
2021-12-12,2 wk ahead inc case,2021-12-25,quantile,0.9,39,56042
2021-12-12,2 wk ahead inc case,2021-12-25,quantile,0.975,39,60436
2021-12-12,3 wk ahead inc case,2022-01-01,quantile,0.025,39,40543
2021-12-12,3 wk ahead inc case,2022-01-01,quantile,0.1,39,42852
2021-12-12,3 wk ahead inc case,2022-01-01,quantile,0.5,39,48303
2021-12-12,3 wk ahead inc case,2022-01-01,quantile,0.75,39,50425
2021-12-12,3 wk ahead inc case,2022-01-01,quantile,0.9,39,53094
2021-12-12,3 wk ahead inc case,2022-01-01,quantile,0.975,39,56557
2021-12-12,4 wk ahead inc case,2022-01-08,quantile,0.025,39,37529
2021-12-12,4 wk ahead inc case,2022-01-08,quantile,0.1,39,39383
2021-12-12,4 wk ahead inc case,2022-01-08,quantile,0.5,39,44317
2021-12-12,4 wk ahead inc case,2022-01-08,quantile,0.75,39,47800
2021-12-12,4 wk ahead inc case,2022-01-08,quantile,0.9,39,50794
2021-12-12,4 wk ahead inc case,2022-01-08,quantile,0.975,39,53439
2021-12-12,1 wk ahead inc case,2021-12-18,quantile,0.025,40,9088
2021-12-12,1 wk ahead inc case,2021-12-18,quantile,0.1,40,9307
2021-12-12,1 wk ahead inc case,2021-12-18,quantile,0.5,40,9898
2021-12-12,1 wk ahead inc case,2021-12-18,quantile,0.75,40,10235
2021-12-12,1 wk ahead inc case,2021-12-18,quantile,0.9,40,10508
2021-12-12,1 wk ahead inc case,2021-12-18,quantile,0.975,40,10735
2021-12-12,2 wk ahead inc case,2021-12-25,quantile,0.025,40,9548
2021-12-12,2 wk ahead inc case,2021-12-25,quantile,0.1,40,10016
2021-12-12,2 wk ahead inc case,2021-12-25,quantile,0.5,40,11082
2021-12-12,2 wk ahead inc case,2021-12-25,quantile,0.75,40,11673
2021-12-12,2 wk ahead inc case,2021-12-25,quantile,0.9,40,12124
2021-12-12,2 wk ahead inc case,2021-12-25,quantile,0.975,40,12407
2021-12-12,3 wk ahead inc case,2022-01-01,quantile,0.025,40,9080
2021-12-12,3 wk ahead inc case,2022-01-01,quantile,0.1,40,9710
2021-12-12,3 wk ahead inc case,2022-01-01,quantile,0.5,40,11026
2021-12-12,3 wk ahead inc case,2022-01-01,quantile,0.75,40,11629
2021-12-12,3 wk ahead inc case,2022-01-01,quantile,0.9,40,12098
2021-12-12,3 wk ahead inc case,2022-01-01,quantile,0.975,40,12705
2021-12-12,4 wk ahead inc case,2022-01-08,quantile,0.025,40,8866
2021-12-12,4 wk ahead inc case,2022-01-08,quantile,0.1,40,9211
2021-12-12,4 wk ahead inc case,2022-01-08,quantile,0.5,40,10577
2021-12-12,4 wk ahead inc case,2022-01-08,quantile,0.75,40,11102
2021-12-12,4 wk ahead inc case,2022-01-08,quantile,0.9,40,11745
2021-12-12,4 wk ahead inc case,2022-01-08,quantile,0.975,40,12458
2021-12-12,1 wk ahead inc case,2021-12-18,quantile,0.025,41,6843
2021-12-12,1 wk ahead inc case,2021-12-18,quantile,0.1,41,7157
2021-12-12,1 wk ahead inc case,2021-12-18,quantile,0.5,41,7774
2021-12-12,1 wk ahead inc case,2021-12-18,quantile,0.75,41,8034
2021-12-12,1 wk ahead inc case,2021-12-18,quantile,0.9,41,8250
2021-12-12,1 wk ahead inc case,2021-12-18,quantile,0.975,41,8387
2021-12-12,2 wk ahead inc case,2021-12-25,quantile,0.025,41,6206
2021-12-12,2 wk ahead inc case,2021-12-25,quantile,0.1,41,6889
2021-12-12,2 wk ahead inc case,2021-12-25,quantile,0.5,41,8003
2021-12-12,2 wk ahead inc case,2021-12-25,quantile,0.75,41,8621
2021-12-12,2 wk ahead inc case,2021-12-25,quantile,0.9,41,9162
2021-12-12,2 wk ahead inc case,2021-12-25,quantile,0.975,41,9527
2021-12-12,3 wk ahead inc case,2022-01-01,quantile,0.025,41,5721
2021-12-12,3 wk ahead inc case,2022-01-01,quantile,0.1,41,6560
2021-12-12,3 wk ahead inc case,2022-01-01,quantile,0.5,41,8339
2021-12-12,3 wk ahead inc case,2022-01-01,quantile,0.75,41,9482
2021-12-12,3 wk ahead inc case,2022-01-01,quantile,0.9,41,10131
2021-12-12,3 wk ahead inc case,2022-01-01,quantile,0.975,41,11242
2021-12-12,4 wk ahead inc case,2022-01-08,quantile,0.025,41,5369
2021-12-12,4 wk ahead inc case,2022-01-08,quantile,0.1,41,6242
2021-12-12,4 wk ahead inc case,2022-01-08,quantile,0.5,41,8785
2021-12-12,4 wk ahead inc case,2022-01-08,quantile,0.75,41,10002
2021-12-12,4 wk ahead inc case,2022-01-08,quantile,0.9,41,11161
2021-12-12,4 wk ahead inc case,2022-01-08,quantile,0.975,41,12697
2021-12-12,1 wk ahead inc case,2021-12-18,quantile,0.025,42,58610
2021-12-12,1 wk ahead inc case,2021-12-18,quantile,0.1,42,61220
2021-12-12,1 wk ahead inc case,2021-12-18,quantile,0.5,42,65962
2021-12-12,1 wk ahead inc case,2021-12-18,quantile,0.75,42,69115
2021-12-12,1 wk ahead inc case,2021-12-18,quantile,0.9,42,70883
2021-12-12,1 wk ahead inc case,2021-12-18,quantile,0.975,42,73591
2021-12-12,2 wk ahead inc case,2021-12-25,quantile,0.025,42,59020
2021-12-12,2 wk ahead inc case,2021-12-25,quantile,0.1,42,61886
2021-12-12,2 wk ahead inc case,2021-12-25,quantile,0.5,42,67770
2021-12-12,2 wk ahead inc case,2021-12-25,quantile,0.75,42,71268
2021-12-12,2 wk ahead inc case,2021-12-25,quantile,0.9,42,73870
2021-12-12,2 wk ahead inc case,2021-12-25,quantile,0.975,42,76194
2021-12-12,3 wk ahead inc case,2022-01-01,quantile,0.025,42,57208
2021-12-12,3 wk ahead inc case,2022-01-01,quantile,0.1,42,60574
2021-12-12,3 wk ahead inc case,2022-01-01,quantile,0.5,42,66914
2021-12-12,3 wk ahead inc case,2022-01-01,quantile,0.75,42,70778
2021-12-12,3 wk ahead inc case,2022-01-01,quantile,0.9,42,74258
2021-12-12,3 wk ahead inc case,2022-01-01,quantile,0.975,42,77885
2021-12-12,4 wk ahead inc case,2022-01-08,quantile,0.025,42,52931
2021-12-12,4 wk ahead inc case,2022-01-08,quantile,0.1,42,56894
2021-12-12,4 wk ahead inc case,2022-01-08,quantile,0.5,42,64508
2021-12-12,4 wk ahead inc case,2022-01-08,quantile,0.75,42,69079
2021-12-12,4 wk ahead inc case,2022-01-08,quantile,0.9,42,72510
2021-12-12,4 wk ahead inc case,2022-01-08,quantile,0.975,42,76259
2021-12-12,1 wk ahead inc case,2021-12-18,quantile,0.025,44,4657
2021-12-12,1 wk ahead inc case,2021-12-18,quantile,0.1,44,4813
2021-12-12,1 wk ahead inc case,2021-12-18,quantile,0.5,44,5199
2021-12-12,1 wk ahead inc case,2021-12-18,quantile,0.75,44,5405
2021-12-12,1 wk ahead inc case,2021-12-18,quantile,0.9,44,5547
2021-12-12,1 wk ahead inc case,2021-12-18,quantile,0.975,44,5734
2021-12-12,2 wk ahead inc case,2021-12-25,quantile,0.025,44,4493
2021-12-12,2 wk ahead inc case,2021-12-25,quantile,0.1,44,4762
2021-12-12,2 wk ahead inc case,2021-12-25,quantile,0.5,44,5199
2021-12-12,2 wk ahead inc case,2021-12-25,quantile,0.75,44,5447
2021-12-12,2 wk ahead inc case,2021-12-25,quantile,0.9,44,5730
2021-12-12,2 wk ahead inc case,2021-12-25,quantile,0.975,44,5889
2021-12-12,3 wk ahead inc case,2022-01-01,quantile,0.025,44,4297
2021-12-12,3 wk ahead inc case,2022-01-01,quantile,0.1,44,4511
2021-12-12,3 wk ahead inc case,2022-01-01,quantile,0.5,44,4987
2021-12-12,3 wk ahead inc case,2022-01-01,quantile,0.75,44,5229
2021-12-12,3 wk ahead inc case,2022-01-01,quantile,0.9,44,5481
2021-12-12,3 wk ahead inc case,2022-01-01,quantile,0.975,44,5838
2021-12-12,4 wk ahead inc case,2022-01-08,quantile,0.025,44,3981
2021-12-12,4 wk ahead inc case,2022-01-08,quantile,0.1,44,4281
2021-12-12,4 wk ahead inc case,2022-01-08,quantile,0.5,44,4779
2021-12-12,4 wk ahead inc case,2022-01-08,quantile,0.75,44,5123
2021-12-12,4 wk ahead inc case,2022-01-08,quantile,0.9,44,5394
2021-12-12,4 wk ahead inc case,2022-01-08,quantile,0.975,44,5683
2021-12-12,1 wk ahead inc case,2021-12-18,quantile,0.025,45,11999
2021-12-12,1 wk ahead inc case,2021-12-18,quantile,0.1,45,12352
2021-12-12,1 wk ahead inc case,2021-12-18,quantile,0.5,45,13209
2021-12-12,1 wk ahead inc case,2021-12-18,quantile,0.75,45,13696
2021-12-12,1 wk ahead inc case,2021-12-18,quantile,0.9,45,14096
2021-12-12,1 wk ahead inc case,2021-12-18,quantile,0.975,45,14372
2021-12-12,2 wk ahead inc case,2021-12-25,quantile,0.025,45,12886
2021-12-12,2 wk ahead inc case,2021-12-25,quantile,0.1,45,13425
2021-12-12,2 wk ahead inc case,2021-12-25,quantile,0.5,45,14794
2021-12-12,2 wk ahead inc case,2021-12-25,quantile,0.75,45,15633
2021-12-12,2 wk ahead inc case,2021-12-25,quantile,0.9,45,16306
2021-12-12,2 wk ahead inc case,2021-12-25,quantile,0.975,45,17165
2021-12-12,3 wk ahead inc case,2022-01-01,quantile,0.025,45,13800
2021-12-12,3 wk ahead inc case,2022-01-01,quantile,0.1,45,14724
2021-12-12,3 wk ahead inc case,2022-01-01,quantile,0.5,45,16634
2021-12-12,3 wk ahead inc case,2022-01-01,quantile,0.75,45,17533
2021-12-12,3 wk ahead inc case,2022-01-01,quantile,0.9,45,18505
2021-12-12,3 wk ahead inc case,2022-01-01,quantile,0.975,45,19358
2021-12-12,4 wk ahead inc case,2022-01-08,quantile,0.025,45,14051
2021-12-12,4 wk ahead inc case,2022-01-08,quantile,0.1,45,15151
2021-12-12,4 wk ahead inc case,2022-01-08,quantile,0.5,45,16963
2021-12-12,4 wk ahead inc case,2022-01-08,quantile,0.75,45,18196
2021-12-12,4 wk ahead inc case,2022-01-08,quantile,0.9,45,19364
2021-12-12,4 wk ahead inc case,2022-01-08,quantile,0.975,45,20120
2021-12-12,1 wk ahead inc case,2021-12-18,quantile,0.025,46,3228
2021-12-12,1 wk ahead inc case,2021-12-18,quantile,0.1,46,3349
2021-12-12,1 wk ahead inc case,2021-12-18,quantile,0.5,46,3603
2021-12-12,1 wk ahead inc case,2021-12-18,quantile,0.75,46,3753
2021-12-12,1 wk ahead inc case,2021-12-18,quantile,0.9,46,3888
2021-12-12,1 wk ahead inc case,2021-12-18,quantile,0.975,46,4029
2021-12-12,2 wk ahead inc case,2021-12-25,quantile,0.025,46,2910
2021-12-12,2 wk ahead inc case,2021-12-25,quantile,0.1,46,3075
2021-12-12,2 wk ahead inc case,2021-12-25,quantile,0.5,46,3395
2021-12-12,2 wk ahead inc case,2021-12-25,quantile,0.75,46,3612
2021-12-12,2 wk ahead inc case,2021-12-25,quantile,0.9,46,3810
2021-12-12,2 wk ahead inc case,2021-12-25,quantile,0.975,46,3956
2021-12-12,3 wk ahead inc case,2022-01-01,quantile,0.025,46,2580
2021-12-12,3 wk ahead inc case,2022-01-01,quantile,0.1,46,2785
2021-12-12,3 wk ahead inc case,2022-01-01,quantile,0.5,46,3099
2021-12-12,3 wk ahead inc case,2022-01-01,quantile,0.75,46,3328
2021-12-12,3 wk ahead inc case,2022-01-01,quantile,0.9,46,3509
2021-12-12,3 wk ahead inc case,2022-01-01,quantile,0.975,46,3700
2021-12-12,4 wk ahead inc case,2022-01-08,quantile,0.025,46,2314
2021-12-12,4 wk ahead inc case,2022-01-08,quantile,0.1,46,2491
2021-12-12,4 wk ahead inc case,2022-01-08,quantile,0.5,46,2791
2021-12-12,4 wk ahead inc case,2022-01-08,quantile,0.75,46,3022
2021-12-12,4 wk ahead inc case,2022-01-08,quantile,0.9,46,3245
2021-12-12,4 wk ahead inc case,2022-01-08,quantile,0.975,46,3394
2021-12-12,1 wk ahead inc case,2021-12-18,quantile,0.025,47,17032
2021-12-12,1 wk ahead inc case,2021-12-18,quantile,0.1,47,17413
2021-12-12,1 wk ahead inc case,2021-12-18,quantile,0.5,47,18767
2021-12-12,1 wk ahead inc case,2021-12-18,quantile,0.75,47,19343
2021-12-12,1 wk ahead inc case,2021-12-18,quantile,0.9,47,19893
2021-12-12,1 wk ahead inc case,2021-12-18,quantile,0.975,47,20618
2021-12-12,2 wk ahead inc case,2021-12-25,quantile,0.025,47,18710
2021-12-12,2 wk ahead inc case,2021-12-25,quantile,0.1,47,19598
2021-12-12,2 wk ahead inc case,2021-12-25,quantile,0.5,47,21770
2021-12-12,2 wk ahead inc case,2021-12-25,quantile,0.75,47,22845
2021-12-12,2 wk ahead inc case,2021-12-25,quantile,0.9,47,23834
2021-12-12,2 wk ahead inc case,2021-12-25,quantile,0.975,47,25282
2021-12-12,3 wk ahead inc case,2022-01-01,quantile,0.025,47,18710
2021-12-12,3 wk ahead inc case,2022-01-01,quantile,0.1,47,19731
2021-12-12,3 wk ahead inc case,2022-01-01,quantile,0.5,47,21790
2021-12-12,3 wk ahead inc case,2022-01-01,quantile,0.75,47,22831
2021-12-12,3 wk ahead inc case,2022-01-01,quantile,0.9,47,24016
2021-12-12,3 wk ahead inc case,2022-01-01,quantile,0.975,47,25770
2021-12-12,4 wk ahead inc case,2022-01-08,quantile,0.025,47,17483
2021-12-12,4 wk ahead inc case,2022-01-08,quantile,0.1,47,18592
2021-12-12,4 wk ahead inc case,2022-01-08,quantile,0.5,47,21139
2021-12-12,4 wk ahead inc case,2022-01-08,quantile,0.75,47,22780
2021-12-12,4 wk ahead inc case,2022-01-08,quantile,0.9,47,24202
2021-12-12,4 wk ahead inc case,2022-01-08,quantile,0.975,47,25999
2021-12-12,1 wk ahead inc case,2021-12-18,quantile,0.025,48,39021
2021-12-12,1 wk ahead inc case,2021-12-18,quantile,0.1,48,39898
2021-12-12,1 wk ahead inc case,2021-12-18,quantile,0.5,48,42494
2021-12-12,1 wk ahead inc case,2021-12-18,quantile,0.75,48,43622
2021-12-12,1 wk ahead inc case,2021-12-18,quantile,0.9,48,44683
2021-12-12,1 wk ahead inc case,2021-12-18,quantile,0.975,48,45927
2021-12-12,2 wk ahead inc case,2021-12-25,quantile,0.025,48,45097
2021-12-12,2 wk ahead inc case,2021-12-25,quantile,0.1,48,47311
2021-12-12,2 wk ahead inc case,2021-12-25,quantile,0.5,48,53007
2021-12-12,2 wk ahead inc case,2021-12-25,quantile,0.75,48,56154
2021-12-12,2 wk ahead inc case,2021-12-25,quantile,0.9,48,58618
2021-12-12,2 wk ahead inc case,2021-12-25,quantile,0.975,48,61773
2021-12-12,3 wk ahead inc case,2022-01-01,quantile,0.025,48,48167
2021-12-12,3 wk ahead inc case,2022-01-01,quantile,0.1,48,50999
2021-12-12,3 wk ahead inc case,2022-01-01,quantile,0.5,48,59329
2021-12-12,3 wk ahead inc case,2022-01-01,quantile,0.75,48,64993
2021-12-12,3 wk ahead inc case,2022-01-01,quantile,0.9,48,69453
2021-12-12,3 wk ahead inc case,2022-01-01,quantile,0.975,48,74604
2021-12-12,4 wk ahead inc case,2022-01-08,quantile,0.025,48,45549
2021-12-12,4 wk ahead inc case,2022-01-08,quantile,0.1,48,51123
2021-12-12,4 wk ahead inc case,2022-01-08,quantile,0.5,48,61621
2021-12-12,4 wk ahead inc case,2022-01-08,quantile,0.75,48,67192
2021-12-12,4 wk ahead inc case,2022-01-08,quantile,0.9,48,73406
2021-12-12,4 wk ahead inc case,2022-01-08,quantile,0.975,48,79020
2021-12-12,1 wk ahead inc case,2021-12-18,quantile,0.025,49,6872
2021-12-12,1 wk ahead inc case,2021-12-18,quantile,0.1,49,7247
2021-12-12,1 wk ahead inc case,2021-12-18,quantile,0.5,49,7703
2021-12-12,1 wk ahead inc case,2021-12-18,quantile,0.75,49,8030
2021-12-12,1 wk ahead inc case,2021-12-18,quantile,0.9,49,8264
2021-12-12,1 wk ahead inc case,2021-12-18,quantile,0.975,49,8486
2021-12-12,2 wk ahead inc case,2021-12-25,quantile,0.025,49,6489
2021-12-12,2 wk ahead inc case,2021-12-25,quantile,0.1,49,6830
2021-12-12,2 wk ahead inc case,2021-12-25,quantile,0.5,49,7695
2021-12-12,2 wk ahead inc case,2021-12-25,quantile,0.75,49,8079
2021-12-12,2 wk ahead inc case,2021-12-25,quantile,0.9,49,8556
2021-12-12,2 wk ahead inc case,2021-12-25,quantile,0.975,49,8821
2021-12-12,3 wk ahead inc case,2022-01-01,quantile,0.025,49,5829
2021-12-12,3 wk ahead inc case,2022-01-01,quantile,0.1,49,6173
2021-12-12,3 wk ahead inc case,2022-01-01,quantile,0.5,49,6971
2021-12-12,3 wk ahead inc case,2022-01-01,quantile,0.75,49,7377
2021-12-12,3 wk ahead inc case,2022-01-01,quantile,0.9,49,7788
2021-12-12,3 wk ahead inc case,2022-01-01,quantile,0.975,49,8451
2021-12-12,4 wk ahead inc case,2022-01-08,quantile,0.025,49,5353
2021-12-12,4 wk ahead inc case,2022-01-08,quantile,0.1,49,5653
2021-12-12,4 wk ahead inc case,2022-01-08,quantile,0.5,49,6499
2021-12-12,4 wk ahead inc case,2022-01-08,quantile,0.75,49,6985
2021-12-12,4 wk ahead inc case,2022-01-08,quantile,0.9,49,7454
2021-12-12,4 wk ahead inc case,2022-01-08,quantile,0.975,49,7832
2021-12-12,1 wk ahead inc case,2021-12-18,quantile,0.025,50,3103
2021-12-12,1 wk ahead inc case,2021-12-18,quantile,0.1,50,3245
2021-12-12,1 wk ahead inc case,2021-12-18,quantile,0.5,50,3493
2021-12-12,1 wk ahead inc case,2021-12-18,quantile,0.75,50,3615
2021-12-12,1 wk ahead inc case,2021-12-18,quantile,0.9,50,3768
2021-12-12,1 wk ahead inc case,2021-12-18,quantile,0.975,50,3889
2021-12-12,2 wk ahead inc case,2021-12-25,quantile,0.025,50,2769
2021-12-12,2 wk ahead inc case,2021-12-25,quantile,0.1,50,2901
2021-12-12,2 wk ahead inc case,2021-12-25,quantile,0.5,50,3205
2021-12-12,2 wk ahead inc case,2021-12-25,quantile,0.75,50,3366
2021-12-12,2 wk ahead inc case,2021-12-25,quantile,0.9,50,3484
2021-12-12,2 wk ahead inc case,2021-12-25,quantile,0.975,50,3710
2021-12-12,3 wk ahead inc case,2022-01-01,quantile,0.025,50,2533
2021-12-12,3 wk ahead inc case,2022-01-01,quantile,0.1,50,2720
2021-12-12,3 wk ahead inc case,2022-01-01,quantile,0.5,50,3033
2021-12-12,3 wk ahead inc case,2022-01-01,quantile,0.75,50,3192
2021-12-12,3 wk ahead inc case,2022-01-01,quantile,0.9,50,3355
2021-12-12,3 wk ahead inc case,2022-01-01,quantile,0.975,50,3586
2021-12-12,4 wk ahead inc case,2022-01-08,quantile,0.025,50,2382
2021-12-12,4 wk ahead inc case,2022-01-08,quantile,0.1,50,2556
2021-12-12,4 wk ahead inc case,2022-01-08,quantile,0.5,50,2901
2021-12-12,4 wk ahead inc case,2022-01-08,quantile,0.75,50,3083
2021-12-12,4 wk ahead inc case,2022-01-08,quantile,0.9,50,3298
2021-12-12,4 wk ahead inc case,2022-01-08,quantile,0.975,50,3603
2021-12-12,1 wk ahead inc case,2021-12-18,quantile,0.025,51,21869
2021-12-12,1 wk ahead inc case,2021-12-18,quantile,0.1,51,22751
2021-12-12,1 wk ahead inc case,2021-12-18,quantile,0.5,51,24728
2021-12-12,1 wk ahead inc case,2021-12-18,quantile,0.75,51,25483
2021-12-12,1 wk ahead inc case,2021-12-18,quantile,0.9,51,26408
2021-12-12,1 wk ahead inc case,2021-12-18,quantile,0.975,51,27255
2021-12-12,2 wk ahead inc case,2021-12-25,quantile,0.025,51,24530
2021-12-12,2 wk ahead inc case,2021-12-25,quantile,0.1,51,25601
2021-12-12,2 wk ahead inc case,2021-12-25,quantile,0.5,51,28457
2021-12-12,2 wk ahead inc case,2021-12-25,quantile,0.75,51,29941
2021-12-12,2 wk ahead inc case,2021-12-25,quantile,0.9,51,31250
2021-12-12,2 wk ahead inc case,2021-12-25,quantile,0.975,51,32825
2021-12-12,3 wk ahead inc case,2022-01-01,quantile,0.025,51,26205
2021-12-12,3 wk ahead inc case,2022-01-01,quantile,0.1,51,27379
2021-12-12,3 wk ahead inc case,2022-01-01,quantile,0.5,51,30475
2021-12-12,3 wk ahead inc case,2022-01-01,quantile,0.75,51,33079
2021-12-12,3 wk ahead inc case,2022-01-01,quantile,0.9,51,35301
2021-12-12,3 wk ahead inc case,2022-01-01,quantile,0.975,51,37404
2021-12-12,4 wk ahead inc case,2022-01-08,quantile,0.025,51,26318
2021-12-12,4 wk ahead inc case,2022-01-08,quantile,0.1,51,27898
2021-12-12,4 wk ahead inc case,2022-01-08,quantile,0.5,51,31796
2021-12-12,4 wk ahead inc case,2022-01-08,quantile,0.75,51,34451
2021-12-12,4 wk ahead inc case,2022-01-08,quantile,0.9,51,37271
2021-12-12,4 wk ahead inc case,2022-01-08,quantile,0.975,51,40735
2021-12-12,1 wk ahead inc case,2021-12-18,quantile,0.025,53,10877
2021-12-12,1 wk ahead inc case,2021-12-18,quantile,0.1,53,11410
2021-12-12,1 wk ahead inc case,2021-12-18,quantile,0.5,53,12236
2021-12-12,1 wk ahead inc case,2021-12-18,quantile,0.75,53,12720
2021-12-12,1 wk ahead inc case,2021-12-18,quantile,0.9,53,13012
2021-12-12,1 wk ahead inc case,2021-12-18,quantile,0.975,53,13420
2021-12-12,2 wk ahead inc case,2021-12-25,quantile,0.025,53,8463
2021-12-12,2 wk ahead inc case,2021-12-25,quantile,0.1,53,9095
2021-12-12,2 wk ahead inc case,2021-12-25,quantile,0.5,53,10311
2021-12-12,2 wk ahead inc case,2021-12-25,quantile,0.75,53,11032
2021-12-12,2 wk ahead inc case,2021-12-25,quantile,0.9,53,11786
2021-12-12,2 wk ahead inc case,2021-12-25,quantile,0.975,53,12542
2021-12-12,3 wk ahead inc case,2022-01-01,quantile,0.025,53,7732
2021-12-12,3 wk ahead inc case,2022-01-01,quantile,0.1,53,8684
2021-12-12,3 wk ahead inc case,2022-01-01,quantile,0.5,53,10527
2021-12-12,3 wk ahead inc case,2022-01-01,quantile,0.75,53,11419
2021-12-12,3 wk ahead inc case,2022-01-01,quantile,0.9,53,12440
2021-12-12,3 wk ahead inc case,2022-01-01,quantile,0.975,53,13318
2021-12-12,4 wk ahead inc case,2022-01-08,quantile,0.025,53,6269
2021-12-12,4 wk ahead inc case,2022-01-08,quantile,0.1,53,7861
2021-12-12,4 wk ahead inc case,2022-01-08,quantile,0.5,53,10653
2021-12-12,4 wk ahead inc case,2022-01-08,quantile,0.75,53,12327
2021-12-12,4 wk ahead inc case,2022-01-08,quantile,0.9,53,14002
2021-12-12,4 wk ahead inc case,2022-01-08,quantile,0.975,53,15019
2021-12-12,1 wk ahead inc case,2021-12-18,quantile,0.025,54,8871
2021-12-12,1 wk ahead inc case,2021-12-18,quantile,0.1,54,9154
2021-12-12,1 wk ahead inc case,2021-12-18,quantile,0.5,54,9980
2021-12-12,1 wk ahead inc case,2021-12-18,quantile,0.75,54,10334
2021-12-12,1 wk ahead inc case,2021-12-18,quantile,0.9,54,10573
2021-12-12,1 wk ahead inc case,2021-12-18,quantile,0.975,54,10948
2021-12-12,2 wk ahead inc case,2021-12-25,quantile,0.025,54,8370
2021-12-12,2 wk ahead inc case,2021-12-25,quantile,0.1,54,8723
2021-12-12,2 wk ahead inc case,2021-12-25,quantile,0.5,54,9638
2021-12-12,2 wk ahead inc case,2021-12-25,quantile,0.75,54,10114
2021-12-12,2 wk ahead inc case,2021-12-25,quantile,0.9,54,10527
2021-12-12,2 wk ahead inc case,2021-12-25,quantile,0.975,54,10945
2021-12-12,3 wk ahead inc case,2022-01-01,quantile,0.025,54,7470
2021-12-12,3 wk ahead inc case,2022-01-01,quantile,0.1,54,8010
2021-12-12,3 wk ahead inc case,2022-01-01,quantile,0.5,54,8990
2021-12-12,3 wk ahead inc case,2022-01-01,quantile,0.75,54,9453
2021-12-12,3 wk ahead inc case,2022-01-01,quantile,0.9,54,9920
2021-12-12,3 wk ahead inc case,2022-01-01,quantile,0.975,54,10407
2021-12-12,4 wk ahead inc case,2022-01-08,quantile,0.025,54,6815
2021-12-12,4 wk ahead inc case,2022-01-08,quantile,0.1,54,7290
2021-12-12,4 wk ahead inc case,2022-01-08,quantile,0.5,54,8400
2021-12-12,4 wk ahead inc case,2022-01-08,quantile,0.75,54,8883
2021-12-12,4 wk ahead inc case,2022-01-08,quantile,0.9,54,9409
2021-12-12,4 wk ahead inc case,2022-01-08,quantile,0.975,54,9854
2021-12-12,1 wk ahead inc case,2021-12-18,quantile,0.025,55,26650
2021-12-12,1 wk ahead inc case,2021-12-18,quantile,0.1,55,27302
2021-12-12,1 wk ahead inc case,2021-12-18,quantile,0.5,55,29511
2021-12-12,1 wk ahead inc case,2021-12-18,quantile,0.75,55,30934
2021-12-12,1 wk ahead inc case,2021-12-18,quantile,0.9,55,31734
2021-12-12,1 wk ahead inc case,2021-12-18,quantile,0.975,55,32723
2021-12-12,2 wk ahead inc case,2021-12-25,quantile,0.025,55,26248
2021-12-12,2 wk ahead inc case,2021-12-25,quantile,0.1,55,27915
2021-12-12,2 wk ahead inc case,2021-12-25,quantile,0.5,55,30841
2021-12-12,2 wk ahead inc case,2021-12-25,quantile,0.75,55,32565
2021-12-12,2 wk ahead inc case,2021-12-25,quantile,0.9,55,34031
2021-12-12,2 wk ahead inc case,2021-12-25,quantile,0.975,55,35347
2021-12-12,3 wk ahead inc case,2022-01-01,quantile,0.025,55,26106
2021-12-12,3 wk ahead inc case,2022-01-01,quantile,0.1,55,28030
2021-12-12,3 wk ahead inc case,2022-01-01,quantile,0.5,55,30393
2021-12-12,3 wk ahead inc case,2022-01-01,quantile,0.75,55,32235
2021-12-12,3 wk ahead inc case,2022-01-01,quantile,0.9,55,33522
2021-12-12,3 wk ahead inc case,2022-01-01,quantile,0.975,55,35573
2021-12-12,4 wk ahead inc case,2022-01-08,quantile,0.025,55,23196
2021-12-12,4 wk ahead inc case,2022-01-08,quantile,0.1,55,25464
2021-12-12,4 wk ahead inc case,2022-01-08,quantile,0.5,55,28623
2021-12-12,4 wk ahead inc case,2022-01-08,quantile,0.75,55,30662
2021-12-12,4 wk ahead inc case,2022-01-08,quantile,0.9,55,32165
2021-12-12,4 wk ahead inc case,2022-01-08,quantile,0.975,55,34106
2021-12-12,1 wk ahead inc case,2021-12-18,quantile,0.025,56,1281
2021-12-12,1 wk ahead inc case,2021-12-18,quantile,0.1,56,1331
2021-12-12,1 wk ahead inc case,2021-12-18,quantile,0.5,56,1445
2021-12-12,1 wk ahead inc case,2021-12-18,quantile,0.75,56,1492
2021-12-12,1 wk ahead inc case,2021-12-18,quantile,0.9,56,1556
2021-12-12,1 wk ahead inc case,2021-12-18,quantile,0.975,56,1609
2021-12-12,2 wk ahead inc case,2021-12-25,quantile,0.025,56,1101
2021-12-12,2 wk ahead inc case,2021-12-25,quantile,0.1,56,1180
2021-12-12,2 wk ahead inc case,2021-12-25,quantile,0.5,56,1325
2021-12-12,2 wk ahead inc case,2021-12-25,quantile,0.75,56,1409
2021-12-12,2 wk ahead inc case,2021-12-25,quantile,0.9,56,1489
2021-12-12,2 wk ahead inc case,2021-12-25,quantile,0.975,56,1580
2021-12-12,3 wk ahead inc case,2022-01-01,quantile,0.025,56,1073
2021-12-12,3 wk ahead inc case,2022-01-01,quantile,0.1,56,1156
2021-12-12,3 wk ahead inc case,2022-01-01,quantile,0.5,56,1329
2021-12-12,3 wk ahead inc case,2022-01-01,quantile,0.75,56,1431
2021-12-12,3 wk ahead inc case,2022-01-01,quantile,0.9,56,1509
2021-12-12,3 wk ahead inc case,2022-01-01,quantile,0.975,56,1659
2021-12-12,4 wk ahead inc case,2022-01-08,quantile,0.025,56,994
2021-12-12,4 wk ahead inc case,2022-01-08,quantile,0.1,56,1099
2021-12-12,4 wk ahead inc case,2022-01-08,quantile,0.5,56,1325
2021-12-12,4 wk ahead inc case,2022-01-08,quantile,0.75,56,1415
2021-12-12,4 wk ahead inc case,2022-01-08,quantile,0.9,56,1519
2021-12-12,4 wk ahead inc case,2022-01-08,quantile,0.975,56,1606
